DATE,TIME,LAT,LON,DEPTH,MAG,,,,
14/10/1911,23:24:00,30.993,80.336,20,6.55,,,,
06/03/1913,11:04:01,30.201,81.929,15,6.5,,,,
28/08/1916,06:39:41,29.67,80.684,20,6.96,,,,
14/10/1916,19:47:22,29.45,80.623,15,5.82,,,,
24/12/1916,07:53:22,29.527,80.671,15,5.93,,,,
27/07/1926,07:23:48,29.598,80.826,15,5.73,,,,
08/10/1927,10:34:37,29.662,80.686,15,5.77,,,,
05/03/1935,22:15:57,29.822,80.371,15,6.04,,,,
30/04/1937,19:33:00,29.784,81.436,15,5.97,,,,
30/04/1937,20:03:30,29.652,81.237,15,5.68,,,,
20/12/1937,04:59:41,29.378,80.742,15,5.44,,,,
04/01/1945,05:20:49,31.416,82.792,15,5.46,,,,
23/02/1953,00:46:11,29.529,81.382,10,5.82,,,,
29/08/1953,01:58:29,28.168,82.333,15,5.77,,,,
05/03/1960,11:25:08,29.411,81.158,25,5.67,,,,
24/05/1964,00:00:49,30.069,82.174,15,5.32,,,,
26/09/1964,00:46:01,29.837,80.429,19.7,5.9,,,,
06/10/1964,20:19:34,29.287,80.909,15,5.4,,,,
18/03/1965,02:41:27,29.732,80.365,15,5.4,,,,
13/05/1965,10:51:16,29.8,80.271,15,5.21,,,,
06/03/1966,02:15:56,31.442,80.507,19,6.3,,,,
27/06/1966,10:41:09,29.498,80.835,29.1,6,,,,
27/06/1966,10:47:43,29.615,81.189,15,5.48,,,,
27/06/1966,10:49:49,29.543,80.915,25,5.71,,,,
27/06/1966,10:59:19,29.702,80.914,26.5,6.61,,,,
27/06/1966,11:21:42,29.567,80.852,15,5.47,,,,
27/06/1966,13:55:50,29.61,80.805,12.5,5.49,,,,
16/12/1966,20:52:19,29.563,80.825,24.9,5.7,,,,
18/12/1966,22:42:39,29.599,80.805,15,5.15,,,,
21/12/1966,22:11:00,29.639,80.801,15,5.48,,,,
18/12/1967,10:51:34,29.303,81.793,15,5.31,,,,
27/05/1968,18:35:58,29.818,80.61,15,5.33,,,,
12/02/1970,01:51:49,29.276,81.648,15.2,5.4,,,,
23/12/1974,09:45:40,29.344,81.394,15,5.5,,,,
06/09/1975,04:44:35,29.195,81.895,14.3,5.33,,,,
10/05/1976,18:43:53,29.315,81.487,15,5.43,,,,
29/09/1976,02:51:24,29.445,81.538,15,5.23,,,,
04/11/1977,23:54:47,29.51,81.227,15,5.22,,,,
20/05/1979,22:59:13,29.951,80.376,15,5.76,,,,
22/06/1980,14:38:52,30.085,81.711,10,5.09,,,,
29/07/1980,12:23:10,29.299,81.222,10,5.51,,,,
29/07/1980,14:58:42,29.58,81.042,15,6.55,,,,
30/07/1980,01:00:42,29.653,80.794,15,5.2,,,,
10/10/1980,14:02:27,29.301,81.147,15,5.22,,,,
06/03/1981,05:58:49,29.859,80.679,15,5.31,,,,
15/05/1981,17:22:43,29.443,81.933,15,5.38,,,,
10/09/1981,03:47:07,29.46,81.113,15,5.15,,,,
21/12/1982,12:08:47,29.353,81.492,15,5.17,,,,
19/02/1984,15:46:27,29.867,80.577,22.1,5.3,,,,
18/05/1984,04:28:57,29.481,81.852,17.9,5.66,,,,
12/06/1988,10:15:47,28.59,82.41,15,5.21,,,,
09/12/1991,01:02:47,29.477,81.596,25.5,5.78,,,,
02/06/1992,22:07:46,28.959,81.945,51.6,5.39,,,,
02/01/1993,14:53:40,29.206,81.225,15,5.17,,,,
20/10/1993,07:23:39,28.79,82.22,22.3,5.26,,,,
20/10/1993,16:15:58,28.719,82.198,15,5.35,,,,
05/01/1997,08:47:25,29.792,80.598,17.6,5.53,,,,
27/11/2001,07:31:52,29.556,81.704,20,5.5,,,,
27/11/2001,08:53:54,29.474,81.72,20,5.41,,,,
27/11/2001,17:56:55,29.431,81.738,20,5.32,,,,
04/06/2002,14:36:04,30.487,81.419,10,5.59,,,,
26/10/2004,02:11:34,30.913,81.092,15,5.62,,,,
05/05/2006,08:00:28,29.438,80.835,15,5.18,,,,
04/09/2008,12:53:13,30.23,80.32,22.9,4.99,,,,
08/12/2008,08:59:09,29.88,82.079,19.5,5.27,,,,
22/06/2010,23:14:12,29.882,80.471,25,5.28,,,,
06/07/2010,19:08:24,29.79,80.431,21.7,4.99,,,,
04/04/2011,11:31:41,29.642,80.738,17.3,5.4,,,,
23/08/2012,16:30:20,28.442,82.669,15,4.97,,,,
09/01/2013,07:44:18,29.695,81.647,22.3,5.28,,,,
06/03/2013,16:49:47,28.721,82.27,15,5.14,,,,
28/06/2013,11:40:49,28.706,82.278,21.3,4.99,,,,
21/04/2015,14:02:17,28.855,82.357,20,5.01,,,,
18/12/2015,22:16:56,29.33,81.636,16,5.25,,,,
29/11/1918,10:41:48,28.558,81.883,15,6.19,,,,
03/11/2023,18:02:53,28.913,82.192,10,5.6,,,,
03/10/2023,09:21:03,29.521,81.292,10,5.7,,,,
12/11/2022,14:27:07,29.48,81.25,20,5.2,,,,
08/11/2022,20:27:22,29.28,81.23,10,5.6,,,,
15/01/1934,08:43:26,26.885,86.594,15,8,,,,
11/02/1936,04:47:41,28.263,86.73,15,5.86,,,,
27/05/1936,06:19:15,28.378,83.32,15,6.87,,,,
07/09/1936,02:30:54,27.901,86.263,15,5.67,,,,
29/01/1938,04:13:11,27.603,87.098,15,5.79,,,,
19/09/1945,10:41:03,29.168,83.145,25,5.78,,,,
28/05/1951,15:59:24,28.925,86.685,15,5.97,,,,
19/11/1952,10:23:32,29.682,86.506,15,5.84,,,,
04/09/1954,06:43:49,28.169,83.825,15,5.91,,,,
12/01/1965,13:32:26,27.38,87.837,26.3,5.9,,,,
12/01/1965,13:55:20,27.407,87.735,15,5.45,,,,
01/06/1965,07:52:25,28.486,83.041,15,5.45,,,,
05/11/1966,18:53:03,28.252,83.798,15,5.23,,,,
26/02/1970,19:30:06,27.653,85.914,10,5.41,,,,
21/07/1970,15:37:44,27.977,84.76,15,5.24,,,,
21/08/1972,14:04:34,27.375,87.999,15,5.12,,,,
22/03/1973,01:06:56,28.111,87.142,15,5.28,,,,
16/10/1973,09:50:44,28.358,82.994,20,5.33,,,,
24/03/1974,14:16:02,27.78,86.079,15.5,5.4,,,,
24/03/1974,16:17:39,27.645,85.992,16.8,5.25,,,,
27/09/1974,05:26:38,28.676,85.486,35,5.76,,,,
31/01/1975,12:38:52,28.11,84.732,15,5.31,,,,
24/04/1975,01:35:52,27.46,87.019,15,5.28,,,,
24/06/1975,15:38:27,27.672,87.492,15,5.19,,,,
21/11/1975,13:49:30,26.925,86.514,15,5.19,,,,
10/02/1978,17:29:51,28.088,84.655,12.2,5.49,,,,
04/10/1978,13:53:52,27.823,85.971,14.2,5.4,,,,
19/06/1979,16:29:13,26.681,87.508,19.7,5,,,,
18/11/1980,13:46:21,29.563,85.259,15,5.23,,,,
10/01/1986,03:46:28,28.785,86.624,24.8,5.14,,,,
19/01/1987,07:46:24,28.298,83.636,16.4,5.43,,,,
19/01/1987,08:12:05,28.309,83.607,15,5.29,,,,
09/08/1987,21:15:01,29.535,83.785,35,5.56,,,,
20/04/1988,06:40:24,26.99,86.644,26.3,5.63,,,,
20/08/1988,23:09:12,26.712,86.627,62,6.85,,,,
29/10/1988,09:10:55,27.83,85.555,17,5.19,,,,
22/05/1989,19:24:35,27.394,87.836,20,5.29,,,,
09/01/1990,02:29:27,28.17,88.178,68.5,5.71,,,,
20/03/1993,14:52:01,28.965,87.433,10.7,6.2,,,,
20/03/1993,21:26:40,28.957,87.404,14.3,5.13,,,,
31/03/1993,13:44:11,29.071,87.39,14.7,5.31,,,,
26/04/1996,16:30:58,27.941,87.817,15,5.32,,,,
10/05/1996,09:07:01,29.985,88.078,15,5.14,,,,
11/05/1996,03:58:50,29.943,88.07,15.7,5.15,,,,
30/12/1996,11:08:17,27.466,86.707,10,5.25,,,,
31/01/1997,20:02:18,28.046,85.218,18.5,5.37,,,,
03/11/1997,02:29:50,29.036,85.385,10,5.5,,,,
27/11/1997,16:11:56,27.53,87.222,17.5,5.33,,,,
08/12/1997,02:03:55,27.502,87.219,14.6,5.22,,,,
22/02/1998,02:40:40,28.711,85.564,22.8,5.22,,,,
27/06/1998,09:05:59,27.754,85.668,15,5.19,,,,
03/09/1998,18:15:56,27.71,86.916,15,6.15,,,,
28/04/2001,10:37:55,28.862,87.171,10,5.5,,,,
16/07/2001,16:12:45,28.013,84.878,10,5.28,,,,
31/08/2002,12:40:35,29.917,88.06,15,5.23,,,,
16/01/2003,11:36:50,29.895,88.072,7.3,5.29,,,,
08/02/2005,03:35:05,27.719,86.063,15,5.17,,,,
11/08/2007,14:35:53,27.359,87.7,22.9,5.27,,,,
07/11/2009,20:08:49,29.518,86.062,20,5.53,,,,
26/02/2010,04:42:39,28.453,86.755,84.5,5.12,,,,
17/10/2010,20:11:20,28.622,85.684,52.9,5.21,,,,
03/06/2011,00:53:24,27.512,87.947,15,5.16,,,,
18/09/2011,12:40:51,27.756,88.141,45,6.9,,,,
09/06/2012,07:54:10,28.328,84.128,17,5.13,,,,
03/08/2014,05:57:30,29.199,85.501,10,5.24,,,,
18/12/2014,15:32:13,27.655,86.418,30.3,4.96,,,,
31/01/2015,13:59:43,28.27,83.996,15,5.14,,,,
25/04/2015,06:11:26,28.143,84.72,13.1,7.88,,,,
25/04/2015,06:15:24,27.602,85.439,15,6.33,,,,
25/04/2015,06:18:12,27.705,85.998,15,5.69,,,,
25/04/2015,06:20:41,28.151,84.511,15,5.47,,,,
25/04/2015,06:22:04,27.772,85.159,15,5.31,,,,
25/04/2015,06:22:23,27.813,85.448,18,5.26,,,,
25/04/2015,06:25:56,27.691,85.569,15,5.22,,,,
25/04/2015,06:28:06,27.784,85.555,15,5.11,,,,
25/04/2015,06:37:59,27.797,85.767,13.7,5.29,,,,
25/04/2015,06:45:22,28.137,84.827,21,6.66,,,,
25/04/2015,06:53:43,27.69,85.225,15,5.21,,,,
25/04/2015,06:56:35,27.867,85.701,15,5.62,,,,
25/04/2015,06:58:28,27.737,85.985,15,5.31,,,,
25/04/2015,07:08:01,27.827,85.883,15,5.16,,,,
25/04/2015,07:47:02,27.881,85.578,15,5.26,,,,
25/04/2015,08:17:00,27.739,85.743,12.7,5.17,,,,
25/04/2015,08:20:50,27.706,85.134,15,5.17,,,,
25/04/2015,08:29:24,27.964,84.691,10,5.21,,,,
25/04/2015,08:55:56,27.632,85.567,10,5.4,,,,
25/04/2015,09:17:03,28.425,87.358,10,5.75,,,,
25/04/2015,09:30:30,27.952,85.479,14.7,5.19,,,,
25/04/2015,12:44:05,28.103,84.639,10,5.32,,,,
25/04/2015,16:27:23,27.914,85.663,13.3,5.15,,,,
25/04/2015,17:42:52,28.255,85.856,10,5.27,,,,
25/04/2015,23:16:15,27.814,84.921,11.4,5.15,,,,
26/04/2015,07:09:10,27.745,85.998,17.1,6.7,,,,
26/04/2015,07:26:05,27.687,85.854,15,5.14,,,,
26/04/2015,16:26:06,27.809,85.821,12.5,5.19,,,,
27/04/2015,12:35:52,26.832,88.087,21.8,5.05,,,,
02/05/2015,05:35:46,28.21,84.675,12.4,5.16,,,,
08/05/2015,00:32:34,27.553,85.931,12,5.16,,,,
12/05/2015,07:05:19,27.802,86.124,11.1,7.23,,,,
12/05/2015,07:17:21,27.733,86.195,15,5.55,,,,
12/05/2015,07:34:23,27.699,86.218,15,5.42,,,,
12/05/2015,07:36:53,27.543,86.148,13,6.13,,,,
12/05/2015,07:43:18,27.668,86.225,15,5.15,,,,
12/05/2015,07:47:47,27.547,86.013,15,5.14,,,,
12/05/2015,07:48:52,27.695,86.217,15,5.18,,,,
12/05/2015,08:06:07,27.65,86.045,15,5.31,,,,
12/05/2015,08:13:55,27.828,85.815,14.6,5.29,,,,
12/05/2015,08:21:11,27.685,86.111,14.1,5.35,,,,
12/05/2015,21:25:13,27.781,84.725,15,5.29,,,,
13/05/2015,21:38:06,27.648,86.021,12.5,5.2,,,,
15/05/2015,01:42:42,27.85,84.744,10,5.17,,,,
16/05/2015,11:34:10,27.518,86.107,10.1,5.35,,,,
29/05/2015,10:00:01,27.964,84.907,15,5.1,,,,
11/06/2015,16:12:18,27.82,85.608,15,5.13,,,,
23/08/2015,09:02:04,27.752,86.055,10.3,5.28,,,,
09/10/2015,20:29:56,28.819,86.434,12.4,5.15,,,,
19/11/2015,04:15:52,27.812,85.665,9.5,5.26,,,,
05/02/2016,16:20:10,27.893,85.432,12.8,5.35,,,,
21/02/2016,18:10:00,27.953,84.722,9.9,5.21,,,,
22/05/2016,01:48:48,28.394,87.513,13.7,5.34,,,,
22/05/2016,02:05:55,28.465,87.476,10,5.22,,,,
27/11/2016,23:35:20,27.731,86.501,10.9,5.24,,,,
08/12/2017,02:51:18,27.622,86.125,12.4,5.18,,,,
20/03/2020,01:33:16,28.619,87.359,17.4,5.69,,,,
12/05/2020,18:08:38,27.674,86.072,10,5.16,,,,
15/09/2020,23:34:04,27.8,85.847,11.7,5.12,,,,
11/05/2025,21:11:23,28.961,87.561,10,5.6,,,,
07/01/2025,01:05:17,28.603,87.401,10,7.1,,,,
03/12/1915,02:39:23,27.844,91.752,15,6.56,,,,
09/07/1928,15:47:56,26.692,95.096,25,5.5,,,,
13/07/1930,14:00:12,26.697,90.481,15,5.49,,,,
21/05/1935,04:22:23,29.062,89.459,15,5.7,,,,
09/03/1937,20:19:27,28.386,91.947,15,5.52,,,,
15/08/1937,11:36:49,29.749,90.551,15,5.82,,,,
26/02/1938,12:10:46,27.999,91.203,15,5.62,,,,
21/11/1938,01:11:32,29.889,95.138,15,6.26,,,,
21/01/1941,12:41:46,27.169,91.794,15,6.43,,,,
27/01/1941,02:30:07,26.699,91.875,15,6.04,,,,
23/02/1941,09:56:34,28.305,96.887,15,5.72,,,,
22/05/1941,01:00:27,26.681,93.087,15,5.53,,,,
06/09/1941,03:17:50,27.114,91.984,15,5.45,,,,
08/02/1943,21:05:30,27.187,91.403,15,5.82,,,,
23/10/1943,17:23:21,26.705,93.829,15,7.18,,,,
29/07/1947,13:43:24,28.484,93.628,20,7.3,,,,
26/02/1950,03:35:47,27.223,90.817,15,5.65,,,,
15/08/1950,14:09:35,28.363,96.445,15,8.68,,,,
15/08/1950,18:38:49,28.52,95.731,25,6.17,,,,
15/08/1950,21:01:35,27.337,96.777,25,5.81,,,,
15/08/1950,23:44:46,28.498,95.131,25,5.8,,,,
16/08/1950,05:33:12,28.665,96.746,25,5.75,,,,
16/08/1950,06:42:05,28.38,95.894,25,6.23,,,,
16/08/1950,15:29:30,29.063,94.866,25,5.75,,,,
16/08/1950,16:36:02,28.18,94.968,25,5.66,,,,
16/08/1950,17:51:35,27.492,92.802,15,5.96,,,,
16/08/1950,19:25:40,28.716,95.963,25,5.72,,,,
16/08/1950,23:21:27,26.859,96.968,25,5.67,,,,
17/08/1950,01:54:18,28.427,94.844,25,6.14,,,,
17/08/1950,05:29:19,29.622,94.774,25,5.74,,,,
18/08/1950,01:07:56,29.196,95.881,20,6.34,,,,
18/08/1950,16:58:54,29.723,96.557,25,6.09,,,,
20/08/1950,09:03:42,29.473,95.062,25,5.76,,,,
22/08/1950,06:43:15,28.97,94.584,25,5.91,,,,
23/08/1950,03:09:25,29.207,95.019,25,5.97,,,,
23/08/1950,18:47:03,28.504,96.476,25,5.91,,,,
24/08/1950,01:27:53,28.249,96.672,25,5.64,,,,
26/08/1950,06:33:13,27.233,94.965,25,6.19,,,,
27/08/1950,11:00:06,29.183,94.6,25,5.55,,,,
31/08/1950,19:52:38,28.61,95.33,25,5.73,,,,
01/09/1950,07:12:04,29.688,95.302,25,5.73,,,,
01/09/1950,23:44:44,29.585,95.226,25,5.55,,,,
02/09/1950,16:14:44,29.758,96.753,25,5.93,,,,
04/09/1950,08:12:40,29.711,96.731,25,5.69,,,,
11/09/1950,09:39:54,28.615,94.158,25,5.81,,,,
13/09/1950,11:07:41,27.605,95.133,25,6.22,,,,
30/09/1950,07:29:00,28.873,94.409,20,6.27,,,,
08/10/1950,04:50:19,28.55,94.401,25,6.35,,,,
16/10/1950,15:42:36,28.22,95.457,25,5.53,,,,
29/10/1950,06:02:33,27.419,95.354,25,5.96,,,,
12/11/1950,21:30:32,27.233,94.807,25,5.51,,,,
03/12/1950,06:26:58,28.767,95.686,25,6.09,,,,
06/03/1951,18:58:17,28.661,95.427,15,5.73,,,,
12/03/1951,14:52:22,27.99,94.668,25,5.98,,,,
14/04/1951,23:40:57,28.28,93.861,15,6.4,,,,
22/04/1951,03:37:44,28.842,94.575,25,5.96,,,,
21/07/1951,01:32:29,28.619,96.529,25,5.82,,,,
16/02/1952,21:44:04,29.434,95.924,15,5.5,,,,
06/03/1952,09:11:29,29.879,90.768,15,5.48,,,,
30/04/1952,01:49:12,26.621,95.068,35,5.45,,,,
26/05/1952,02:46:37,28.4,94.488,20,5.96,,,,
25/08/1952,01:44:54,28.138,93.905,15,5.63,,,,
23/02/1954,06:40:36,27.672,91.605,15,6.16,,,,
27/03/1955,14:38:48,29.671,90.166,15,5.93,,,,
04/05/1955,00:17:01,27.051,96.927,15,5.77,,,,
29/12/1955,08:25:35,29.845,90.189,15,5.91,,,,
22/08/1956,19:40:18,27.974,95.211,15,5.58,,,,
21/12/1956,03:27:45,26.611,96.208,15,5.75,,,,
14/02/1959,22:25:52,27.604,96.459,15,5.69,,,,
27/03/1964,23:03:42,27.04,89.285,27.5,5.18,,,,
13/04/1964,03:20:02,27.592,90.08,15,5.53,,,,
30/08/1964,02:35:07,27.385,88.304,10,5.46,,,,
01/09/1964,13:22:36,27.009,92.232,10,5.7,,,,
21/10/1964,23:09:19,28.077,93.815,25,6.63,,,,
11/04/1965,22:33:04,26.73,92.4,30,5.32,,,,
15/06/1965,07:59:19,29.652,95.469,15,5.48,,,,
09/12/1965,20:26:05,27.317,92.503,15,5.5,,,,
27/05/1966,14:35:04,27.501,96.511,15,5.19,,,,
11/09/1966,15:55:20,27.021,95.69,17.5,5.26,,,,
26/09/1966,05:10:57,27.451,92.566,15.5,5.44,,,,
11/03/1967,16:56:52,28.445,94.321,13,5.4,,,,
14/03/1967,06:58:06,28.435,94.24,20.7,5.7,,,,
16/03/1967,12:13:23,26.959,96.403,15,5.21,,,,
07/07/1967,22:56:31,27.854,92.028,15,5.19,,,,
15/09/1967,10:32:44,27.338,91.91,13.7,5.79,,,,
31/01/1968,11:45:18,29.77,92.194,10,5.37,,,,
30/06/1969,08:51:55,26.826,92.632,32.5,5.25,,,,
05/11/1969,20:25:16,27.631,90.195,15,5.29,,,,
19/02/1970,07:10:02,27.461,93.951,10,5.4,,,,
10/03/1970,05:20:10,26.832,96.958,15,5.44,,,,
24/06/1970,00:43:02,28.956,95.679,17.8,5.17,,,,
04/07/1973,16:44:14,27.605,92.62,15,5.26,,,,
10/07/1974,18:10:33,28.921,95.498,15,5.26,,,,
09/02/1975,23:26:35,29.819,96.897,10,5.12,,,,
10/06/1975,11:50:12,28.199,95.896,30,5.23,,,,
28/06/1975,06:07:50,29.111,95.648,15,5.13,,,,
05/08/1976,10:24:11,28.169,92.389,15,5.17,,,,
14/09/1976,06:43:53,29.79,89.567,70,5.9,,,,
13/11/1977,21:02:32,26.642,92.961,35,5.36,,,,
02/03/1978,12:14:37,27.444,96.897,15,5.19,,,,
19/04/1978,17:01:43,27.653,92.61,17.5,5.21,,,,
25/04/1979,02:21:51,27.417,96.51,15,5.23,,,,
29/09/1979,11:32:45,28.983,95.71,25,5.31,,,,
21/12/1979,06:31:51,27.002,96.958,13.6,5.31,,,,
10/10/1980,02:35:33,27.141,96.859,14.6,5.16,,,,
19/11/1980,19:00:52,27.368,88.817,45,6.26,,,,
09/02/1981,15:49:24,27.271,89.755,21.8,5.14,,,,
21/11/1981,04:25:03,29.632,89.076,15,5.17,,,,
05/04/1982,02:19:46,27.314,88.781,31.1,5.33,,,,
29/05/1982,11:27:22,29.594,95.468,15,5.28,,,,
26/10/1982,05:35:50,29.792,95.065,18.4,5.21,,,,
26/11/1982,13:26:29,27.731,94.7,15,5.37,,,,
12/01/1983,03:28:23,26.827,96.979,15,5.25,,,,
02/02/1983,20:44:09,26.857,92.872,43.8,5.37,,,,
01/03/1983,13:22:33,28.552,95.97,27,5.31,,,,
15/01/1984,17:12:27,28.486,96.257,23,5.15,,,,
20/01/1984,14:53:59,28.508,96.387,22.8,5.35,,,,
03/12/1984,04:17:42,27.45,96.965,15,5.42,,,,
07/01/1985,16:13:08,27.096,91.975,18.8,5.74,,,,
07/06/1985,18:23:59,26.824,96.123,21.6,5.25,,,,
01/08/1985,12:13:47,29.196,95.194,35,5.69,,,,
12/10/1985,18:22:38,27.055,92.546,10,5.54,,,,
01/11/1986,05:02:43,26.805,96.318,19.4,5.17,,,,
24/01/1987,10:34:27,27.659,92.641,15,5.23,,,,
06/09/1987,23:38:55,26.61,93.361,49.6,5.42,,,,
25/09/1987,23:16:30,29.813,90.336,10,4.96,,,,
17/02/1988,06:30:11,27.087,92.124,10.8,5.18,,,,
09/05/1988,16:03:40,28.971,94.755,27.1,5.35,,,,
10/05/1988,20:51:42,29.017,94.843,23.1,5.26,,,,
27/09/1988,19:10:11,27.199,88.355,15,5.34,,,,
20/12/1988,09:45:45,27.661,91.141,23.4,5.26,,,,
08/03/1989,20:02:08,26.878,92.714,59.3,5.29,,,,
09/04/1989,02:31:38,29.145,90.051,10,5.15,,,,
12/02/1991,13:01:04,29.584,96.988,25,5.22,,,,
06/02/1992,03:35:16,29.597,95.638,13.4,5.73,,,,
30/07/1992,08:24:48,29.629,90.235,10,6.11,,,,
24/05/1993,05:02:29,28.816,96.168,23,5.27,,,,
17/02/1995,02:44:26,27.595,92.377,34.6,5.45,,,,
09/06/1996,23:25:19,28.395,92.299,78.4,5.18,,,,
25/09/1996,17:41:17,27.491,88.75,17.3,5.28,,,,
20/11/1996,23:27:07,28.793,96.003,15,5.23,,,,
10/07/1997,13:59:54,29.797,94.939,15,5.13,,,,
30/10/1997,02:02:52,29.52,89.729,15.9,5.47,,,,
08/07/1998,03:44:59,27.327,91.082,16.5,5.4,,,,
18/08/1998,04:10:22,27.529,91.026,20.8,5.37,,,,
26/09/1998,18:27:05,27.535,92.8,21,4.98,,,,
02/01/2000,10:23:59,27.57,92.636,20,5.29,,,,
25/01/2000,16:43:22,27.656,92.655,15,5.44,,,,
06/11/2001,14:09:26,27.332,91.904,21.5,5.38,,,,
02/12/2001,22:41:14,27.264,88.281,20.7,5.29,,,,
30/11/2002,02:52:05,28.647,94.989,35,5.4,,,,
25/03/2003,18:51:28,27.235,89.393,50,5.43,,,,
08/08/2003,09:59:25,26.774,96.827,6.7,5.19,,,,
18/08/2003,09:03:03,29.591,95.564,22.3,5.52,,,,
01/06/2005,20:06:41,28.878,94.601,23.9,5.83,,,,
14/02/2006,00:55:23,27.333,88.385,21.6,5.31,,,,
23/02/2006,20:04:54,26.927,91.672,15,5.46,,,,
23/02/2006,20:07:27,26.915,91.652,15,5.35,,,,
06/10/2008,08:30:45,29.777,90.403,10,6.31,,,,
06/10/2008,12:10:34,29.678,90.329,13.6,5.21,,,,
08/10/2008,14:07:17,29.733,90.381,14.7,5.46,,,,
21/09/2009,08:53:06,27.398,91.433,14,6.12,,,,
29/10/2009,17:00:38,27.268,91.391,22.9,5.12,,,,
31/12/2009,09:57:31,27.297,91.466,20.4,5.54,,,,
30/11/2010,08:39:58,29.796,90.316,20.8,5.31,,,,
29/11/2013,01:54:47,28.888,95.825,19.1,5.31,,,,
16/04/2015,22:05:50,26.842,92.671,35,5.14,,,,
17/11/2017,22:34:20,29.812,95.013,15,6.47,,,,
02/06/2018,05:46:05,27.123,96.981,28.1,4.97,,,,
28/11/2018,10:17:09,27.174,96.913,30,5.39,,,,
01/12/2018,15:07:27,27.955,92.487,15,5.13,,,,
10/02/2019,03:22:06,27.28,96.348,19.2,5.09,,,,
23/04/2019,20:15:51,28.467,94.507,15,6.1,,,,
19/07/2019,09:22:15,27.637,92.766,15.9,5.49,,,,
01/02/2020,09:43:55,28.94,95.617,12,5.13,,,,
04/04/1905,00:49:59,32.597,76.916,20,7.9,,,,
09/10/1914,02:39:13,32.313,76.037,20,6.26,,,,
09/05/1917,21:46:03,33.336,77.958,15,5.94,,,,
14/01/1929,09:45:30,31.218,77.292,15,5.6,,,,
15/03/1935,10:33:56,29.621,79.672,15,5.53,,,,
20/10/1937,01:23:48,30.913,78.228,15,5.92,,,,
15/11/1937,21:37:29,34.726,78.238,30,6.35,,,,
10/01/1941,07:38:13,34.079,78.011,15,5.67,,,,
04/06/1945,12:09:00,30.271,80.118,15,6.37,,,,
22/06/1945,18:00:53,32.529,76.19,20,6.42,,,,
10/07/1947,10:19:22,32.79,76.136,15,5.99,,,,
19/08/1947,20:07:11,31.182,80.013,15,5.99,,,,
05/05/1948,08:31:49,30.518,78.475,15,5.51,,,,
05/02/1949,08:55:25,31.12,79.447,15,5.84,,,,
06/10/1950,21:21:06,33.197,76.24,15,5.47,,,,
27/06/1955,10:14:13,32.294,78.506,15,6.15,,,,
28/12/1958,05:34:41,29.926,79.9,15,6.06,,,,
12/04/1963,00:41:29,31.885,78.781,30,5.48,,,,
31/05/1965,02:04:43,32.719,78.069,15,5.6,,,,
20/10/1966,00:53:38,33.536,78.699,10,5.6,,,,
05/01/1968,06:42:49,30.38,79.302,19.9,5.26,,,,
10/02/1968,17:03:03,34.039,78.59,15,5.29,,,,
11/02/1968,20:38:27,34.101,78.686,15,5.31,,,,
05/11/1968,02:02:44,32.293,76.483,15,5.19,,,,
03/03/1969,06:20:22,30.076,79.97,16,5.32,,,,
22/06/1969,01:33:25,30.497,79.376,16.3,5.44,,,,
05/03/1970,18:34:21,32.376,76.608,15,5.11,,,,
06/09/1972,02:51:29,32.398,78.414,10,5.28,,,,
24/10/1973,19:57:15,33.112,76.014,15,5.19,,,,
16/12/1973,09:16:14,32.379,76.059,15,5.21,,,,
07/07/1974,20:56:48,30.562,78.801,15,5.19,,,,
16/11/1974,16:18:34,33.021,76.161,15,5.17,,,,
19/01/1975,08:00:19,32.24,78.669,11.9,5.3,,,,
19/01/1975,08:02:01,32.393,78.536,7.5,6.8,,,,
19/01/1975,08:12:06,31.885,78.573,10,6.05,,,,
19/01/1975,13:04:36,32.09,78.711,15,5.25,,,,
20/01/1975,11:06:51,32.456,78.562,15.1,5.14,,,,
22/01/1975,17:26:35,31.906,78.691,15,5.13,,,,
27/01/1975,08:10:18,32.32,78.58,15,5.22,,,,
27/01/1975,09:23:37,32.129,78.681,10,5.22,,,,
29/01/1975,15:49:25,31.937,78.679,15,5.2,,,,
02/02/1975,19:14:11,32.527,78.487,15,5.35,,,,
10/03/1975,03:07:00,32.1,78.817,15,5.22,,,,
09/04/1975,21:45:42,31.915,78.588,15,5.12,,,,
08/05/1975,11:56:05,32.359,78.543,12.5,5.13,,,,
11/05/1975,06:48:38,31.925,78.643,15,5.16,,,,
10/06/1975,09:44:18,32.554,78.606,15,5.22,,,,
02/07/1975,11:06:29,32.504,78.489,15,5.14,,,,
19/07/1975,06:10:53,31.91,78.632,11.6,5.16,,,,
21/07/1975,07:26:36,32.068,78.565,15,5.13,,,,
29/07/1975,02:40:55,32.45,78.484,12.5,5.3,,,,
05/11/1975,00:35:57,32.013,78.802,15,5.31,,,,
06/11/1975,00:11:32,29.772,77.787,12.9,5.19,,,,
05/12/1975,07:37:12,33.003,76.064,25,5.52,,,,
10/12/1975,03:26:10,32.924,76.096,20,5.55,,,,
11/12/1975,10:09:49,33.018,76.1,15,5.31,,,,
07/01/1976,00:24:52,32.905,76.092,22.7,5.46,,,,
08/01/1976,22:34:24,32.944,76.173,15,5.17,,,,
05/02/1976,12:04:33,31.173,77.009,15,5.25,,,,
06/07/1976,02:55:47,32.264,78.476,10,5.19,,,,
08/09/1976,20:13:03,31.939,78.732,9.6,5.5,,,,
29/09/1976,07:47:18,31.87,78.384,15,5.22,,,,
19/02/1977,06:15:22,31.793,78.414,7.5,5.06,,,,
27/03/1977,05:36:49,32.678,78.662,15,5.31,,,,
20/04/1977,04:21:09,30.556,79.495,15,5.28,,,,
22/06/1977,15:53:27,33.129,76.066,15,5.2,,,,
20/12/1977,19:12:35,33.5,76.148,15,5.15,,,,
21/12/1977,02:08:15,33.424,76.23,15,5.24,,,,
14/06/1978,16:12:08,32.175,76.568,15.3,5.28,,,,
28/09/1978,05:32:15,33.397,76.107,15,5.23,,,,
27/05/1979,06:11:27,33.588,76.573,15,5.14,,,,
28/12/1979,01:59:19,30.82,78.532,15,5.31,,,,
08/10/1980,06:57:03,35.191,76.977,21,5.31,,,,
28/05/1981,23:14:08,31.831,78.481,10,5.47,,,,
13/06/1981,00:56:56,31.843,78.48,16.8,5.29,,,,
31/08/1981,12:31:44,34.56,79.012,15,5.19,,,,
07/05/1982,07:44:15,32.628,76.105,15,5.18,,,,
27/02/1983,20:33:05,32.597,78.547,10,5.23,,,,
31/05/1983,21:05:43,34.592,79.665,13,5.01,,,,
14/03/1984,15:32:33,34.161,79.521,13.5,5.31,,,,
26/04/1986,07:35:15,32.227,76.354,10,5.51,,,,
16/07/1986,22:03:10,31.053,78.035,14.5,5.42,,,,
06/06/1987,11:02:40,30.413,79.227,15,5.24,,,,
21/09/1990,16:08:20,29.958,79.961,15,5.29,,,,
20/01/1991,12:43:16,31.556,77.478,15,5.22,,,,
19/10/1991,21:23:16,30.753,78.823,11.6,6.77,,,,
20/10/1991,05:32:27,30.722,78.654,15,5.15,,,,
24/08/1992,09:49:54,34.632,80.162,15,5.19,,,,
24/03/1995,11:52:32,32.556,76.273,15,5.16,,,,
26/03/1996,08:30:23,30.501,79.149,15,5.1,,,,
28/03/1999,19:05:12,30.378,79.38,12.6,6.53,,,,
28/03/1999,19:36:08,30.261,79.327,15,5.46,,,,
30/03/1999,21:02:13,30.302,79.273,17.9,5.45,,,,
06/04/1999,19:37:26,30.316,79.284,10.5,5.33,,,,
07/04/1999,15:49:16,30.322,79.363,15,5.16,,,,
14/04/1999,17:24:31,30.259,79.318,15,5.17,,,,
18/04/1999,17:16:40,30.321,79.276,17.4,5.14,,,,
17/06/2000,16:34:12,31.964,78.44,15,5.18,,,,
06/11/2001,16:09:19,34.113,79.74,15,5.13,,,,
27/05/2003,04:23:28,30.504,79.299,15,5.24,,,,
11/11/2004,02:13:42,32.297,76.539,15,5.16,,,,
14/12/2005,07:09:52,30.482,79.231,25,5.11,,,,
26/05/2006,00:41:36,33.15,76.224,20,5.21,,,,
22/07/2007,23:02:15,30.858,78.289,24.4,5.14,,,,
11/12/2007,15:56:37,35.008,77.428,9,5.06,,,,
20/06/2011,06:27:18,30.554,79.315,15,5.13,,,,
23/08/2011,01:22:57,33.083,76.842,20,5.26,,,,
09/02/2012,19:17:33,30.952,78.327,25,5.29,,,,
08/10/2012,17:46:21,31.844,78.504,13.8,5.16,,,,
04/06/2013,17:34:49,32.58,76.541,30,5.16,,,,
21/08/2014,08:11:19,32.255,76.351,15,5.15,,,,
01/04/2015,21:23:55,30.367,79.492,15,5.16,,,,
06/02/2017,17:03:06,30.576,79.088,17.6,5.31,,,,
06/12/2017,15:19:50,30.615,79.12,11.3,5.29,,,,
29/10/2018,14:43:37,34.231,78.248,17.7,5.05,,,,
26/02/2020,15:04:10,33.005,76.263,17,5.2,,,,
25/09/2020,10:57:13,34.228,78.174,10.7,5.25,,,,
27/09/2020,17:27:45,34.273,78.173,18.1,5.09,,,,
05/10/2020,23:43:21,34.14,79.172,9.7,5.05,,,,
27/02/1906,19:41:20,31.894,76.112,15,6.61,,,,
05/08/1966,01:03:02,32.688,79.544,16.4,5.36,,,,
13/03/2025,21:20:10,33.152,76.641,50,5.1,,,,
04/04/2024,16:04:33,33.219,76.816,35,5.2,,,,
05/10/2020,23:43:20,34.17,79.23,10,5.2,,,,
25/09/2020,10:57:13,34.28,78.27,10,5.3,,,,
29/10/2018,14:43:34,34.24,78.23,2,5.1,,,,
11/14/1928,04:33:03,34.874,72.493,15,5.85,,,,
11/07/1937,19:07:47,34.701,72.944,15,5.61,,,,
5/24/1938,09:37:32,36.994,73.672,15,5.45,,,,
12/19/1942,09:21:10,35.956,72.735,15,5.63,,,,
9/24/1943,11:31:26,36.44,73.545,15,6.25,,,,
08/01/1949,07:39:50,35.261,74.499,15,5.69,,,,
09/12/1951,20:41:54,32.977,75.88,15,5.61,,,,
05/01/1953,21:18:14,33.252,72.675,15,5.5,,,,
1/23/1954,16:06:33,37.332,72.415,15,5.9,,,,
1/23/1954,17:12:00,37.381,72.365,15,5.65,,,,
03/12/1955,16:42:21,34.6,73.194,15,5.53,,,,
1/23/1965,22:02:52,35.966,73.324,15,5.38,,,,
1/29/1965,20:06:03,35.594,73.4,15,5.29,,,,
02/02/1966,09:20:07,33.898,73.142,15,5.42,,,,
04/06/1966,01:51:50,34.859,73.081,15,5.25,,,,
1/25/1967,01:50:20,36.715,71.625,273.2,6.02,,,,
02/10/1967,05:46:30,33.272,75.273,15,5.12,,,,
2/20/1967,15:18:40,33.617,75.344,13.4,5.5,,,,
2/21/1967,12:37:44,33.593,75.36,15,5.37,,,,
4/24/1967,08:51:09,37.348,72.522,10,5.47,,,,
07/02/1967,08:32:38,33.188,75.701,17.2,5.14,,,,
03/03/1968,09:31:20,34.731,72.356,15,5.27,,,,
9/15/1968,14:16:54,37.103,72.564,10,5.19,,,,
10/19/1968,07:01:29,37.331,73.178,8.7,5.49,,,,
10/19/1968,09:52:02,37.492,73.287,10,5.64,,,,
10/30/1968,04:07:22,37.348,73.165,10,5.29,,,,
8/26/1969,03:23:15,37.254,72.805,10,5.21,,,,
11/24/1969,17:23:21,37.118,71.665,115.1,6.08,,,,
4/30/1970,03:24:53,33.241,73.422,14.6,5.13,,,,
4/28/1971,15:12:41,34.42,73.578,15,5.19,,,,
12/21/1971,09:54:43,35.591,74.157,14.9,5.28,,,,
12/27/1971,20:59:37,35.106,73.003,15,5.31,,,,
03/10/1972,14:36:15,33.939,72.711,15,5.26,,,,
04/02/1972,03:34:26,36.155,73.683,15,5.25,,,,
04/02/1972,07:50:51,36.252,73.853,15,5.11,,,,
09/03/1972,16:48:29,35.919,73.416,30,6.2,,,,
09/03/1972,17:09:19,36.044,73.285,15,5.19,,,,
09/03/1972,20:32:18,36.04,73.612,15,5.37,,,,
09/03/1972,23:03:54,35.921,73.347,30,5.79,,,,
09/04/1972,01:23:49,35.947,73.398,15,5.46,,,,
09/04/1972,02:36:17,35.998,73.341,15,5.4,,,,
09/04/1972,03:51:20,36.005,73.34,15,5.45,,,,
09/04/1972,10:35:42,35.812,73.388,15,5.16,,,,
09/04/1972,13:37:50,35.84,73.392,15,5.29,,,,
09/04/1972,13:42:20,35.941,73.387,30,5.98,,,,
09/04/1972,15:58:30,36.108,73.437,15,5.17,,,,
09/04/1972,22:44:07,36.013,73.593,15,5.14,,,,
09/05/1972,04:07:26,35.962,73.507,15,5.21,,,,
09/05/1972,09:13:57,35.89,73.33,15,5.42,,,,
09/07/1972,04:24:15,35.924,73.3,15,5.15,,,,
9/17/1972,17:37:50,35.926,73.4,35,5.59,,,,
9/18/1972,21:41:59,35.853,73.596,15,5.27,,,,
9/27/1972,02:03:38,33.99,72.723,15,5.33,,,,
9/27/1972,20:24:54,35.039,72.891,15,5.22,,,,
10/12/1972,00:21:13,35.907,73.372,25,5.5,,,,
10/13/1972,05:04:37,35.931,73.437,20,5.39,,,,
10/15/1972,14:47:50,35.885,73.299,15,5.25,,,,
1/16/1973,21:31:24,33.315,75.802,15.4,5.33,,,,
1/29/1973,04:32:04,35.929,73.286,15,5.23,,,,
7/13/1973,22:03:36,33.106,75.733,15,5.14,,,,
9/27/1973,02:04:22,33.592,71.824,15,5.15,,,,
10/02/1973,16:03:34,35.955,73.342,15,5.17,,,,
10/06/1973,10:29:11,35.913,73.286,15,5.2,,,,
10/24/1973,05:23:52,33.158,75.946,27.5,5.53,,,,
12/09/1973,02:36:53,35.971,73.407,21.6,5.28,,,,
12/16/1973,19:09:45,34.283,74.071,15,5.4,,,,
04/06/1974,20:19:31,37.146,72.602,15,5.52,,,,
5/20/1974,17:39:17,34.518,74.203,15,5.21,,,,
07/05/1974,07:17:49,37.425,72.598,10,5.31,,,,
12/28/1974,12:11:48,35.018,73.006,45,6,,,,
12/28/1974,12:46:11,35.494,73.449,27.5,5.18,,,,
12/28/1974,22:28:16,35.009,73.077,15,5.27,,,,
12/28/1974,22:38:50,35.038,73.049,15,5.14,,,,
02/01/1975,18:16:46,35.831,73.077,15,5.19,,,,
3/23/1975,01:19:34,35.481,74.783,17.5,5.22,,,,
04/07/1975,06:41:01,34.976,73.004,15,5.2,,,,
4/23/1975,09:07:21,35.8,73.556,15,5.14,,,,
03/11/1976,18:51:31,36.695,74.327,17.5,5.19,,,,
3/22/1976,06:15:26,35.98,73.559,15,5.29,,,,
2/14/1977,00:22:37,33.595,73.264,10,5.37,,,,
2/23/1978,02:01:27,33.407,75.946,15,5.23,,,,
4/27/1978,18:12:22,35.048,72.964,15,5.29,,,,
05/07/1978,10:32:26,33.431,73.606,17.5,5.27,,,,
03/04/1979,02:51:47,33.903,73.134,14.1,5.15,,,,
12/22/1979,22:28:46,33.127,75.939,15,5.15,,,,
05/01/1980,05:43:12,32.985,75.919,15,5.18,,,,
8/23/1980,21:36:52,32.976,75.755,14.1,5.51,,,,
8/23/1980,21:50:02,32.866,75.734,10.4,5.55,,,,
2/18/1981,11:35:13,35.155,72.418,15,5.15,,,,
03/03/1981,08:43:29,31.389,73.197,35,5.39,,,,
8/17/1981,09:11:21,33.375,75.521,33.1,5.18,,,,
09/12/1981,07:15:52,35.685,73.664,10,6.13,,,,
9/18/1981,17:05:02,35.641,73.649,48,5.31,,,,
11/09/1981,09:37:25,35.595,73.677,50.6,5.23,,,,
2/22/1982,17:59:56,35.592,73.866,10,5.23,,,,
08/12/1982,18:51:28,35.639,73.526,44.1,5.1,,,,
8/18/1982,12:01:54,37.208,72.072,10,5.11,,,,
9/29/1982,04:24:15,37.337,72.962,12.1,5.47,,,,
02/11/1984,08:37:07,33.493,71.686,21.5,5.19,,,,
05/11/1984,11:45:25,31.556,72.805,42,5.26,,,,
5/22/1985,13:57:56,31.469,73.674,15,5.28,,,,
10/03/1985,18:07:41,36.517,71.667,97.5,5.59,,,,
8/24/1986,17:37:46,35.673,72.966,41.7,5.23,,,,
9/17/1986,12:08:10,37.324,71.694,113.1,5.55,,,,
4/23/1988,05:42:58,36.784,73.148,15.2,5.2,,,,
7/20/1988,06:20:49,37.004,72.945,10,5.49,,,,
9/25/1988,20:52:16,37.204,71.798,10,5.47,,,,
03/05/1990,20:47:04,36.845,73.043,20,6.13,,,,
03/05/1990,20:51:16,36.825,73.069,15,5.73,,,,
03/05/1990,23:04:23,36.811,73.009,16.2,5.46,,,,
03/06/1990,18:07:06,36.868,73.132,15,5.38,,,,
03/06/1990,21:39:50,36.834,73.098,15.4,5.15,,,,
3/25/1990,14:17:20,37.017,72.979,30,6.49,,,,
3/25/1990,15:10:38,36.865,73.074,10,5.33,,,,
3/25/1990,15:46:34,36.906,73.041,10,5.46,,,,
07/02/1990,23:47:43,37.169,72.904,15,5.34,,,,
12/25/1990,03:56:45,33.299,75.737,31.3,5.49,,,,
1/24/1992,05:04:51,35.534,74.558,71.9,5.42,,,,
3/24/1992,21:01:50,33.868,72.821,18.5,5.23,,,,
3/27/1992,10:39:32,36.031,72.519,27.5,5.2,,,,
05/10/1992,04:04:33,37.162,72.922,20,5.78,,,,
7/17/1992,06:45:04,35.601,74.866,25,5.18,,,,
2/17/1993,16:06:07,33.477,72.529,10,5.24,,,,
2/18/1993,12:14:44,36.703,74.069,15,5.24,,,,
9/15/1993,15:08:13,33.264,75.829,15,5.28,,,,
7/24/1994,14:47:50,37.096,71.621,115.1,5.22,,,,
2/20/1996,02:55:51,34.033,72.745,15,5.13,,,,
04/01/1996,08:08:04,31.431,73.452,44.1,5.2,,,,
08/08/1996,14:58:22,34.004,72.877,20.4,5.16,,,,
2/23/1999,06:56:13,34.045,74.533,9.6,5.17,,,,
4/28/1999,13:00:48,33.228,73.201,10,5.18,,,,
05/09/1999,21:38:04,36.728,73.27,15,5.28,,,,
07/08/1999,16:42:10,37.386,72.595,15,5.32,,,,
7/15/1999,21:47:06,37.236,72.499,20,5.14,,,,
7/18/1999,21:51:48,37.271,72.268,10.1,5.15,,,,
11/09/1999,23:59:07,31.98,71.601,15.4,5.14,,,,
7/17/2000,05:26:09,34.94,73.041,15,5.13,,,,
10/19/2000,01:49:40,31.59,73.535,30,5.16,,,,
7/16/2001,16:07:19,32.891,73.131,55,5.06,,,,
7/24/2001,11:40:25,37.246,72.192,172.4,5.1,,,,
1/27/2002,22:33:42,33.122,75.935,15,5.23,,,,
4/25/2002,01:45:57,37.258,72.497,10,5.28,,,,
11/01/2002,22:09:29,35.421,74.695,20,5.32,,,,
11/02/2002,01:27:27,35.61,74.587,20,5.39,,,,
11/03/2002,07:33:39,35.391,74.723,26.9,5.28,,,,
11/04/2002,22:30:38,35.465,74.646,35,5.16,,,,
11/20/2002,21:32:30,35.341,74.639,15,6.31,,,,
11/20/2002,21:44:00,35.393,74.743,35,5.22,,,,
11/24/2002,13:32:47,35.266,74.763,25,5.18,,,,
12/19/2002,22:21:36,35.236,74.615,25,5.25,,,,
9/20/2003,13:59:48,35.972,73.388,45.5,5.16,,,,
2/14/2004,10:30:23,34.782,73.257,14.3,5.41,,,,
2/14/2004,11:56:59,34.781,73.236,22.1,5.31,,,,
2/23/2004,15:38:42,37.497,71.914,119.2,5.06,,,,
10/31/2004,06:10:39,35.303,74.5,15,5.07,,,,
02/05/2005,10:47:50,34.655,73.358,20,5.16,,,,
10/08/2005,03:50:39,34.451,73.649,15,7.59,,,,
10/08/2005,03:57:21,34.228,73.595,15,5.94,,,,
10/08/2005,04:02:26,34.514,73.312,15,5.72,,,,
10/08/2005,04:07:47,34.545,73.137,10,5.25,,,,
10/08/2005,04:23:08,34.662,73.158,20,5.15,,,,
10/08/2005,04:26:12,34.657,73.115,15,5.81,,,,
10/08/2005,04:30:44,34.935,73.087,10,5.14,,,,
10/08/2005,05:08:42,34.642,73.245,12.5,5.51,,,,
10/08/2005,05:19:49,34.682,73.161,15,5.96,,,,
10/08/2005,05:26:06,34.73,73.162,15,5.86,,,,
10/08/2005,05:34:54,34.221,73.638,15,5.21,,,,
10/08/2005,06:05:34,34.644,73.337,15,5.06,,,,
10/08/2005,06:15:26,34.533,73.452,15,5.74,,,,
10/08/2005,06:42:30,34.574,73.523,5,5.64,,,,
10/08/2005,07:37:22,34.908,73.125,10,5.13,,,,
10/08/2005,07:57:03,34.583,73.412,20,5.16,,,,
10/08/2005,08:21:54,34.785,73.189,20,5.28,,,,
10/08/2005,09:01:56,34.692,73.296,10,5.31,,,,
10/08/2005,09:36:51,34.233,73.945,13.3,5.15,,,,
10/08/2005,10:17:00,34.823,73.181,20,5.14,,,,
10/08/2005,10:46:29,34.709,73.2,12.5,6.43,,,,
10/08/2005,11:28:43,34.611,73.308,20,5.57,,,,
10/08/2005,11:30:42,34.647,73.245,20,5.21,,,,
10/08/2005,11:33:35,34.747,73.166,20,5.62,,,,
10/08/2005,12:08:29,34.556,73.244,15,5.65,,,,
10/08/2005,12:18:41,34.739,73.108,20,5.17,,,,
10/08/2005,12:25:21,34.75,73.123,15,5.71,,,,
10/08/2005,12:44:53,34.722,73.257,20,5.37,,,,
10/08/2005,13:46:02,34.647,73.198,20,5.21,,,,
10/08/2005,19:08:02,34.779,73.234,20,5.13,,,,
10/08/2005,21:13:33,34.754,73.281,16.2,5.54,,,,
10/08/2005,21:45:10,34.644,73.311,10,5.38,,,,
10/09/2005,01:12:30,34.767,73.051,10,5.12,,,,
10/09/2005,04:58:55,34.782,73.055,10,4.98,,,,
10/09/2005,07:09:19,34.576,73.23,10,5.36,,,,
10/09/2005,08:30:02,34.684,73.231,15,5.68,,,,
10/09/2005,08:34:03,34.704,73.202,10,5.19,,,,
10/09/2005,11:21:45,34.65,73.21,15.7,4.99,,,,
10/09/2005,14:56:47,34.748,73.399,10,5.18,,,,
10/09/2005,19:20:37,34.338,73.666,10,5.36,,,,
10/10/2005,10:49:06,34.886,73.77,10,5.15,,,,
10/12/2005,20:23:39,34.883,73.154,13.6,5.27,,,,
10/13/2005,20:23:05,34.827,73.157,20,5.15,,,,
10/15/2005,04:24:06,34.025,73.948,11.1,5.32,,,,
10/15/2005,04:32:22,34.015,73.959,12.8,5.22,,,,
10/18/2005,21:20:06,34.743,73.121,10,5.01,,,,
10/19/2005,02:33:30,34.756,73.111,15,5.62,,,,
10/19/2005,03:16:22,34.823,73.138,15,5.4,,,,
10/19/2005,12:47:28,34.814,73.141,15,5.14,,,,
10/23/2005,15:04:21,34.868,73.101,10,5.45,,,,
10/28/2005,21:34:16,34.673,73.221,20,5.18,,,,
10/29/2005,15:56:30,34.463,73.633,20,5.15,,,,
11/06/2005,02:11:53,34.558,73.404,13,5.13,,,,
11/21/2005,08:26:14,34.755,73.22,15,5.19,,,,
12/25/2005,08:02:07,34.645,73.281,15.2,5.23,,,,
12/28/2005,22:04:31,34.692,73.388,14.8,5.13,,,,
02/11/2006,05:32:52,34.359,73.741,10,5.15,,,,
3/20/2006,17:40:45,34.8,73.773,14.5,5.18,,,,
08/06/2006,14:26:21,37.352,74.67,15,5.6,,,,
02/11/2007,04:39:15,36.694,73.035,26.5,5.09,,,,
08/08/2007,00:37:04,37.079,71.681,113.5,5.1,,,,
2/20/2009,03:48:50,34.242,73.834,18.6,5.53,,,,
5/19/2009,19:29:48,33.21,75.854,15,5.25,,,,
07/02/2009,23:50:49,37.356,71.784,116.2,4.98,,,,
7/27/2009,06:23:48,34.94,73.264,20,5.01,,,,
3/14/2010,19:09:05,35.321,74.501,32.5,5.21,,,,
3/23/2010,15:02:04,37.436,74.589,19.4,5.13,,,,
3/23/2010,15:51:22,37.407,74.655,24.1,4.97,,,,
10/10/2010,21:44:24,33.839,72.905,25,5.31,,,,
03/12/2012,06:06:43,36.758,73.163,25,5.69,,,,
8/13/2012,20:32:58,34.832,73.688,18.1,5.02,,,,
2/17/2013,01:35:07,36.426,71.615,95.6,5.09,,,,
05/01/2013,06:57:14,33.104,75.729,20.1,5.62,,,,
08/02/2013,02:32:48,33.229,75.871,15.5,5.13,,,,
08/02/2013,21:37:43,33.309,75.886,21.2,5.07,,,,
6/13/2014,13:32:49,33.266,75.596,15,5.19,,,,
07/03/2014,20:39:58,35.48,75.057,15,5.15,,,,
2/26/2015,21:59:04,34.707,73.276,19.9,5.08,,,,
07/02/2015,07:18:25,34.489,73.603,17.3,5.4,,,,
7/24/2015,20:59:53,33.912,73.142,15,5.04,,,,
11/27/2015,11:40:38,34.925,73.95,34,5.18,,,,
10/01/2016,08:04:36,34.923,73.686,21,5.11,,,,
02/05/2019,16:47:07,35.064,74.161,29.3,5.29,,,,
06/12/2019,03:10:26,34.761,72.8,19.5,5.27,,,,
08/10/2019,06:43:11,37.048,71.627,108.3,5.27,,,,
9/24/2019,11:01:55,33.067,73.725,13.2,5.68,,,,
12/30/2019,17:19:00,35.605,74.728,30,5.57,,,,
12/30/2019,17:50:00,35.665,74.792,30,5.12,,,,
01/12/2020,05:23:58,35.005,74.45,25,5.27,,,,
06/01/1912,00:30:41,35.808,72.982,35,5.99,,,,
6/29/1927,22:00:51,34.896,75.085,15,5.21,,,,
8/19/1928,03:53:59,32.436,72.317,15,5.36,,,,
10/19/1968,02:33:25,37.37,73.123,10,5.41,,,,
6/29/2023,04:57:59,37.217,71.842,133,5,,,,
6/13/2023,08:03:41,33.19,75.91,10,5,,,,
3/16/2022,13:35:23,35.6,75.08,15,5.1,,,,
12/27/2021,13:31:10,35.61,74.96,49,5.2,,,,
4/24/2016,21:43:10,37.02,71.72,115,5,,,,

