DATE,TIME,LAT,LON,DEPTH,MAG
04/04/1996,23:03:07,29.49,80.88,35.0,3.5
22/03/1997,21:14:42,30.47,88.13,41.0,3.5
28/05/1997,16:19:35,28.33,82.53,35.0,3.5
27/03/1998,20:30:11,30.78,82.31,35.0,3.5
17/09/1998,13:25:26,27.82,86.86,18.0,3.5
27/11/1998,12:37:55,27.72,86.77,35.0,3.5
18/01/2003,01:22:19,27.57,86.18,19.0,3.5
21/09/2003,14:06:10,28.73,81.73,35.0,3.5
30/07/2004,06:08:12,30.66,83.93,26.0,3.5
10/10/2004,11:48:40,27.65,87.49,21.0,3.5
05/11/2004,12:21:18,30.86,86.53,26.0,3.5
07/04/2005,21:03:30,30.6,83.8,26.0,3.5
08/04/2005,10:45:38,30.4,84.03,26.0,3.5
08/04/2005,10:47:09,30.48,83.84,26.0,3.5
08/04/2005,11:02:14,30.58,84.21,10.0,3.5
11/04/2005,07:23:01,30.47,84.06,26.0,3.5
11/04/2005,22:06:37,30.59,83.74,11.0,3.5
14/04/2005,15:00:33,30.32,83.78,10.0,3.5
17/04/2005,22:02:16,30.65,84.02,26.0,3.5
07/09/2005,12:03:11,29.31,81.55,33.0,3.5
10/01/2007,22:13:36,29.36,87.35,35.0,3.5
29/07/2007,16:24:09,29.29,82.19,31.0,3.5
12/04/2008,19:13:15,27.72,86.84,35.0,3.5
19/04/2008,19:51:42,30.49,84.01,26.0,3.5
13/07/2008,04:14:02,30.69,83.77,26.0,3.5
25/08/2008,17:30:28,30.59,83.2,35.0,3.5
25/08/2008,18:02:34,30.59,83.09,35.0,3.5
25/08/2008,19:33:09,30.61,83.31,18.0,3.5
25/08/2008,20:35:55,30.76,83.17,35.0,3.5
26/08/2008,11:22:18,30.88,83.5,11.0,3.5
26/08/2008,13:30:00,30.69,83.34,11.0,3.5
27/08/2008,19:53:02,30.69,82.94,35.0,3.5
29/08/2008,16:14:57,30.78,83.3,18.0,3.5
30/08/2008,21:48:44,30.65,83.27,18.0,3.5
31/08/2008,02:37:35,30.53,83.05,35.0,3.5
03/09/2008,14:50:32,30.71,82.83,10.0,3.5
04/09/2008,18:47:05,30.75,83.45,11.0,3.5
09/09/2008,18:37:09,30.76,83.32,11.0,3.5
25/09/2008,02:03:35,30.81,84.22,10.0,3.5
25/09/2008,05:31:36,30.97,83.54,11.0,3.5
25/09/2008,06:46:48,30.79,83.46,18.0,3.5
28/09/2008,15:49:27,30.78,83.13,35.0,3.5
17/11/2008,07:16:59,30.88,83.43,11.0,3.5
17/11/2008,07:49:57,30.65,83.19,35.0,3.5
26/11/2008,09:16:07,30.16,83.41,17.0,3.5
05/12/2008,04:34:23,29.21,88.05,35.0,3.5
19/01/2009,16:59:56,28.52,86.41,57.0,3.5
21/03/2009,15:11:27,30.85,83.72,35.0,3.5
08/09/2009,20:46:59,30.71,83.36,35.0,3.5
09/11/2009,10:21:43,29.74,86.6,35.0,3.5
21/12/2009,06:17:04,30.86,83.85,10.0,3.5
07/01/2010,03:42:59,30.68,83.39,18.0,3.5
18/03/2010,08:06:05,30.75,83.83,35.0,3.5
09/04/2010,12:58:32,30.56,83.31,18.0,3.5
28/09/2010,21:46:20,27.89,87.81,71.0,3.5
07/11/2010,17:17:51,30.8,84.35,35.0,3.5
22/11/2010,13:44:33,30.8,84.29,35.0,3.5
05/12/2010,06:37:06,29.81,81.95,21.0,3.5
24/12/2010,15:36:31,29.73,80.43,19.0,3.5
09/01/2011,11:48:29,29.4,81.72,27.0,3.5
18/01/2011,03:35:43,29.83,81.6,10.0,3.5
13/02/2011,04:15:50,30.6,85.96,35.0,3.5
10/04/2011,18:43:53,29.72,81.17,17.0,3.5
17/04/2011,04:48:33,29.25,81.31,27.0,3.5
28/09/2011,14:03:06,30.4,83.91,26.0,3.5
22/10/2011,04:31:31,30.54,81.25,10.0,3.5
03/11/2011,19:37:20,29.61,80.58,19.0,3.5
18/01/2012,11:16:26,26.48,86.38,36.6,3.5
14/02/2012,13:41:23,27.19,87.9,20.0,3.5
14/02/2012,13:48:43,27.26,88.1,20.0,3.5
15/06/2012,16:15:03,28.62,81.76,35.0,3.5
14/05/2013,03:18:26,29.61,82.28,35.0,3.5
16/05/2013,00:33:16,30.68,84.13,26.0,3.5
16/05/2013,10:13:14,30.84,83.88,35.0,3.5
24/06/2013,15:34:52,28.59,86.69,35.0,3.5
11/12/2014,03:11:45,29.38,81.23,10.0,3.5
18/02/2015,17:18:34,29.27,86.28,35.0,3.5
25/04/2015,07:22:02,27.83,86.04,19.0,3.5
25/04/2015,08:48:25,27.96,85.18,12.0,3.5
25/04/2015,13:59:29,27.77,85.23,10.0,3.5
25/04/2015,14:59:56,27.56,85.9,19.0,3.5
25/04/2015,21:31:24,27.98,85.43,18.0,3.5
25/04/2015,21:46:19,27.81,85.44,18.0,3.5
26/04/2015,00:15:29,27.63,85.29,10.0,3.5
26/04/2015,19:12:42,27.65,85.79,19.0,3.5
27/04/2015,14:34:38,27.69,85.82,19.0,3.5
27/04/2015,16:56:20,27.63,85.69,10.0,3.5
29/04/2015,14:16:21,27.97,84.54,10.0,3.5
29/04/2015,16:32:09,27.97,86.1,19.0,3.5
29/04/2015,18:24:56,27.75,85.75,19.0,3.5
30/04/2015,17:47:39,27.8,85.6,18.0,3.5
01/05/2015,13:45:18,28.22,84.39,10.0,3.5
03/05/2015,00:29:42,27.64,84.43,10.0,3.5
11/05/2015,13:53:08,27.65,85.79,19.0,3.5
12/05/2015,09:55:57,27.57,86.12,19.0,3.5
12/05/2015,10:48:09,28.03,86.82,18.0,3.5
14/05/2015,15:05:44,27.66,86.36,35.0,3.5
21/05/2015,08:26:45,27.51,86.1,19.0,3.5
25/05/2015,05:15:40,27.52,85.98,19.0,3.5
25/05/2015,19:37:39,27.48,85.83,19.0,3.5
26/05/2015,12:03:03,27.5,86.11,10.0,3.5
03/06/2015,11:53:32,27.65,86.17,13.6,3.5
17/06/2015,00:13:19,27.68,85.2,10.0,3.5
26/07/2015,16:59:06,29.97,80.67,23.0,3.5
16/08/2015,13:31:40,28.05,84.43,35.0,3.5
30/08/2015,02:41:41,28.1,86.9,18.0,3.5
02/09/2015,23:25:18,27.44,85.55,10.0,3.5
26/09/2015,20:17:22,30.69,83.88,10.0,3.5
24/11/2015,18:57:21,28.01,85.63,18.0,3.5
02/12/2015,17:35:50,28.1,87.29,27.4,3.5
09/01/2016,17:43:52,27.47,85.78,19.0,3.5
30/03/2016,22:41:17,27.66,85.36,35.0,3.5
04/05/2016,05:32:01,29.39,82.02,31.0,3.5
11/05/2016,13:53:22,28.51,87.17,35.0,3.5
23/05/2016,12:33:24,28.37,87.9,35.0,3.5
23/07/2016,06:14:44,28.05,84.53,35.0,3.5
09/09/2016,23:22:41,30.07,82.65,35.0,3.5
10/09/2016,23:15:01,30.1,82.7,10.0,3.5
28/12/2016,13:16:50,29.66,81.91,31.0,3.5
04/02/2017,12:13:21,27.26,85.34,10.0,3.5
20/04/2017,08:32:49,27.72,86.91,35.0,3.5
12/06/2017,11:54:10,27.54,86.08,4.7,3.5
23/08/2017,02:16:44,30.98,83.69,11.0,3.5
05/01/2018,20:55:23,29.52,81.09,17.0,3.5
05/03/2018,01:47:12,30.11,87.72,35.0,3.5
08/03/2018,23:56:33,28.63,88.03,35.0,3.5
29/03/2018,17:28:18,29.51,86.11,35.0,3.5
06/04/2018,09:08:37,29.53,83.93,35.0,3.5
03/06/2018,16:44:56,27.63,87.54,21.0,3.5
01/08/2018,20:02:20,30.03,87.04,35.0,3.5
20/09/2018,16:26:16,30.47,87.92,41.0,3.5
25/12/2018,21:20:41,30.22,87.49,35.0,3.5
25/12/2018,21:31:17,30.35,87.55,35.0,3.5
10/01/2019,00:10:20,30,87.57,35.0,3.5
10/01/2019,05:49:26,27.54,86.32,12.8,3.5
18/01/2019,07:52:41,30.18,87.56,35.0,3.5
13/02/2019,03:58:51,30.48,87.86,41.0,3.5
11/04/2019,20:16:52,29.55,81.77,10.0,3.5
24/04/2019,00:55:48,27.69,85.15,6.3,3.5
22/05/2019,12:59:54,28.99,80.75,10.0,3.5
24/07/2019,12:13:23,27.79,86.15,12.7,3.5
20/12/2019,00:35:21,27.92,87.89,66.6,3.5
29/12/2019,03:57:52,28.7,86.63,84.5,3.5
18/02/2020,19:49:55,30.14,85.67,48.3,3.5
05/03/2020,05:16:08,28.64,87.4,1.2,3.5
26/05/2020,10:15:55,29.69,81.99,31.0,3.5
16/06/2020,04:08:51,27.68,86.07,10.2,3.5
10/08/2020,20:41:44,28.57,86.19,9.1,3.5
12/11/2020,21:21:27,27.55,87.82,106.6,3.5
11/03/2021,23:38:13,28.7,86.58,6.8,3.5
19/06/2021,20:03:53,29.64,84.22,1.5,3.5
09/07/2021,18:04:18,28.03,84.69,35.0,3.5
26/07/2021,18:50:36,30.95,87.05,35.0,3.5
15/08/2021,20:33:53,30.29,84.6,35.0,3.5
18/10/2021,09:38:56,27.88,85.81,5.8,3.5
02/01/2022,17:03:09,28.13,88.13,71.0,3.5
19/04/2022,00:18:40,29.61,80.54,19.0,3.5
23/05/2022,09:15:34,27.51,87.95,20.0,3.5
16/06/2022,21:45:00,30.57,86.66,35.0,3.5
26/10/2022,09:27:12,30.98,82.7,35.0,3.5
08/11/2022,16:11:24,29.08,81,35.0,3.5
21/12/2022,19:14:59,29.82,80.79,10.0,3.5
26/01/2023,02:16:38,29.6,81.4,27.0,3.5
01/02/2023,05:59:22,29.58,81.69,27.0,3.5
24/02/2023,18:05:33,30.32,86.07,10.0,3.5
23/04/2023,07:27:32,28.79,81.05,35.0,3.5
22/05/2023,13:09:07,29.62,81.51,27.0,3.5
19/06/2023,23:09:58,29.53,80.92,13.6,3.5
20/05/1996,17:46:44,30.78,87.76,35.0,3.6
22/12/1996,21:45:46,28.79,81.53,35.0,3.6
26/05/1997,00:45:34,27.66,86.89,35.0,3.6
04/09/1998,21:16:15,27.63,86.81,35.0,3.6
11/09/1998,20:49:55,28.71,87.41,35.0,3.6
05/11/2000,13:39:11,28.55,81.89,10.0,3.6
13/03/2001,16:11:14,28.82,83.69,35.0,3.6
28/05/2001,21:09:46,29.42,85.74,35.0,3.6
27/01/2002,19:13:18,29.94,87.96,37.0,3.6
05/05/2002,17:03:40,30.69,84,26.0,3.6
05/06/2002,00:44:33,30.4,81.65,36.0,3.6
06/06/2002,02:18:02,30.34,81.83,21.0,3.6
18/07/2002,23:24:26,28.21,88.05,82.1,3.6
31/08/2002,13:10:58,29.91,87.95,37.0,3.6
23/10/2002,18:04:44,27.54,88.11,22.1,3.6
20/02/2004,18:35:40,28.16,87.52,68.0,3.6
22/02/2004,15:38:01,29.36,81.11,17.0,3.6
02/06/2004,15:24:47,29.84,87.66,35.0,3.6
15/06/2004,12:51:50,30.44,81.36,10.0,3.6
26/06/2004,18:38:38,29.87,87.81,35.0,3.6
16/07/2004,12:21:04,30.61,83.72,18.0,3.6
18/12/2004,20:51:10,30.64,83.8,26.0,3.6
05/03/2005,12:19:24,28.22,84.13,27.4,3.6
06/04/2005,22:24:41,30.49,86.21,35.0,3.6
08/04/2005,11:26:44,30.33,83.83,26.0,3.6
08/04/2005,11:55:55,30.38,83.48,18.0,3.6
08/04/2005,13:04:11,30.32,83.38,18.0,3.6
09/04/2005,23:39:17,30.4,83.6,18.0,3.6
23/04/2005,14:09:10,30.32,83.95,26.0,3.6
08/05/2005,09:23:22,30.44,83.92,26.0,3.6
21/08/2005,19:53:34,30.03,80.84,35.0,3.6
11/04/2006,14:15:19,27.98,87.62,55.1,3.6
06/04/2007,03:45:37,28.47,86.68,57.0,3.6
06/05/2007,23:53:57,27.22,87.39,30.0,3.6
28/05/2007,03:29:59,27.97,87.77,68.0,3.6
05/03/2008,10:46:07,28.31,84.62,35.0,3.6
07/06/2008,12:24:21,30.56,83.62,18.0,3.6
15/06/2008,17:35:06,29.58,82.73,35.0,3.6
22/06/2008,18:14:47,28.38,85.71,65.9,3.6
25/08/2008,14:32:17,30.87,83.55,11.0,3.6
25/08/2008,16:05:07,30.79,83.47,11.0,3.6
26/08/2008,11:28:55,30.77,83.3,11.0,3.6
26/08/2008,13:56:16,30.71,83.28,11.0,3.6
26/08/2008,18:33:28,30.61,83.1,35.0,3.6
26/08/2008,19:50:43,30.72,83.16,35.0,3.6
28/08/2008,05:15:13,30.95,83.65,11.0,3.6
30/08/2008,16:12:56,30.94,83.33,11.0,3.6
02/09/2008,21:10:15,30.49,82.99,35.0,3.6
02/09/2008,21:11:44,30.71,83.15,35.0,3.6
25/09/2008,04:05:53,30.85,84.12,10.0,3.6
25/09/2008,05:09:54,30.7,83.76,26.0,3.6
25/09/2008,16:26:10,30.64,83.45,18.0,3.6
28/09/2008,20:52:44,30.63,83.41,18.0,3.6
05/10/2008,01:12:02,30.67,83.33,18.0,3.6
09/10/2008,23:55:29,30.88,83.54,11.0,3.6
06/11/2008,14:34:21,30.47,84.59,35.0,3.6
14/11/2008,17:11:03,30.11,83.54,17.0,3.6
15/11/2008,18:39:44,30.15,83.46,17.0,3.6
28/11/2008,14:35:24,30.9,83.55,11.0,3.6
24/12/2008,17:37:31,30.8,83.34,11.0,3.6
13/02/2009,23:13:10,30.56,84.08,26.0,3.6
17/03/2009,22:49:08,30.64,83.62,18.0,3.6
17/03/2009,23:01:37,30.8,83.73,18.0,3.6
13/05/2009,06:52:48,28.18,84.75,0.1,3.6
02/06/2009,06:36:10,30.41,80.41,11.0,3.6
30/01/2010,14:03:37,28.02,88.05,71.0,3.6
07/02/2010,20:04:30,29.59,81.36,13.9,3.6
20/02/2010,12:15:00,30.5,83.6,26.0,3.6
13/04/2010,14:08:11,29.38,81.38,27.0,3.6
18/01/2011,07:02:27,28.03,85.82,19.0,3.6
17/02/2011,09:48:39,29.48,81,17.0,3.6
22/02/2011,19:44:48,27.63,87.29,35.0,3.6
10/03/2011,16:49:19,28.05,85.37,18.0,3.6
04/04/2011,13:42:41,29.54,80.92,17.0,3.6
05/04/2011,01:00:45,29.95,80.48,23.0,3.6
21/04/2011,19:54:10,29.68,80.82,17.0,3.6
22/04/2011,01:57:31,30.06,81.25,33.0,3.6
19/08/2011,01:52:10,29.61,81.48,27.0,3.6
11/01/2012,08:59:42,28.85,81.83,10.0,3.6
13/01/2012,01:26:12,30.26,80.47,11.0,3.6
11/04/2012,02:52:53,29.65,81.4,27.0,3.6
05/05/2012,03:25:01,28.36,83.72,54.0,3.6
27/05/2012,21:00:31,30.68,83.4,18.0,3.6
08/09/2012,15:41:49,29.88,88.05,37.0,3.6
02/10/2012,00:44:11,30.42,83.77,26.0,3.6
22/10/2012,06:56:52,27.79,87.84,81.2,3.6
12/11/2012,12:42:25,29.64,81.68,27.0,3.6
07/12/2012,18:31:08,28.56,83.63,35.0,3.6
28/04/2013,18:28:13,29.52,81.38,27.0,3.6
14/05/2013,03:13:02,29.73,81.32,10.0,3.6
26/05/2013,17:38:54,27.69,85.35,10.0,3.6
12/10/2013,21:43:26,29.95,82.02,21.0,3.6
16/12/2013,17:11:48,29.39,81.32,27.0,3.6
22/01/2014,07:29:29,29.75,88.15,10.0,3.6
04/02/2014,19:42:18,30.16,85.52,10.0,3.6
15/02/2014,02:10:30,30.95,83.56,11.0,3.6
22/04/2014,20:09:03,30.46,87.2,35.0,3.6
07/12/2014,21:50:30,29.44,85.41,10.0,3.6
25/04/2015,10:22:38,28.06,84.5,10.0,3.6
25/04/2015,10:28:10,28.12,85.59,18.0,3.6
25/04/2015,11:29:38,28.62,87.46,10.0,3.6
25/04/2015,13:00:08,27.71,84.51,10.0,3.6
25/04/2015,13:55:44,27.84,85.05,12.0,3.6
25/04/2015,14:00:03,28.16,84.97,12.0,3.6
25/04/2015,14:23:13,28.01,85.2,11.7,3.6
25/04/2015,14:38:21,27.84,84.89,12.0,3.6
25/04/2015,16:36:10,27.27,85.76,10.0,3.6
25/04/2015,17:26:56,27.63,85.78,10.0,3.6
25/04/2015,17:40:24,27.64,85.01,10.0,3.6
25/04/2015,18:13:35,27.96,85.46,18.0,3.6
25/04/2015,22:03:08,27.46,86,19.0,3.6
26/04/2015,02:54:54,28.31,84.83,10.0,3.6
26/04/2015,03:06:21,27.92,84.7,10.0,3.6
26/04/2015,03:10:16,27.79,84.58,10.0,3.6
26/04/2015,07:54:32,27.68,86.08,19.0,3.6
26/04/2015,12:33:50,27.61,85.9,19.0,3.6
26/04/2015,13:03:49,27.88,85.88,19.0,3.6
26/04/2015,14:32:35,27.74,84.97,10.0,3.6
26/04/2015,16:23:38,27.65,85.22,10.0,3.6
26/04/2015,18:59:51,27.78,86.15,19.0,3.6
26/04/2015,20:08:57,27.72,85.24,10.0,3.6
26/04/2015,21:35:23,28.02,84.58,10.0,3.6
27/04/2015,04:20:15,27.83,85.68,18.0,3.6
27/04/2015,12:33:06,27.89,85.4,18.0,3.6
27/04/2015,12:48:51,28.91,87.99,10.0,3.6
27/04/2015,21:31:48,28.02,84.96,12.0,3.6
27/04/2015,22:26:08,28.03,84.62,17.3,3.6
28/04/2015,06:23:52,28.04,84.94,12.0,3.6
28/04/2015,21:57:48,27.53,85.81,19.0,3.6
29/04/2015,22:37:37,27.81,85.57,18.0,3.6
01/05/2015,04:52:14,27.39,85.8,19.0,3.6
01/05/2015,14:28:56,28.02,84.79,12.0,3.6
01/05/2015,18:15:00,28.15,85.92,19.0,3.6
02/05/2015,06:21:05,28.24,87.14,18.0,3.6
02/05/2015,21:30:41,27.85,84.77,12.0,3.6
02/05/2015,22:39:31,28.01,84.83,12.0,3.6
03/05/2015,00:02:45,28.25,84.68,10.0,3.6
03/05/2015,02:43:01,27.72,84.94,10.0,3.6
03/05/2015,05:01:08,27.81,84.76,7.6,3.6
03/05/2015,13:13:48,27.7,85.43,35.0,3.6
03/05/2015,16:33:37,27.98,84.83,12.0,3.6
06/05/2015,03:48:48,27.72,84.4,10.0,3.6
08/05/2015,02:34:39,27.38,86.11,10.0,3.6
09/05/2015,16:38:00,28.15,85.21,10.0,3.6
09/05/2015,20:05:30,27.91,85.79,19.0,3.6
11/05/2015,16:38:39,27.83,85.69,18.0,3.6
11/05/2015,18:22:24,27.83,84.62,10.0,3.6
12/05/2015,08:01:00,27.82,85.81,19.0,3.6
12/05/2015,08:01:39,27.6,85.9,4.0,3.6
12/05/2015,09:35:53,27.67,86.3,10.0,3.6
12/05/2015,09:48:35,27.79,86.46,10.0,3.6
12/05/2015,13:57:20,27.9,86.24,7.4,3.6
12/05/2015,15:32:27,27.72,85.92,19.0,3.6
12/05/2015,20:07:32,27.44,85.95,19.0,3.6
13/05/2015,01:56:31,27.58,85.98,19.0,3.6
13/05/2015,02:18:09,28.14,85.84,19.0,3.6
13/05/2015,15:51:04,27.72,85.96,19.0,3.6
13/05/2015,18:59:50,27.63,86.49,10.0,3.6
14/05/2015,15:55:08,27.68,85.77,19.0,3.6
14/05/2015,22:21:17,27.72,86.03,19.0,3.6
15/05/2015,09:24:15,27.56,86.16,23.2,3.6
16/05/2015,20:02:53,27.95,84.78,12.0,3.6
26/05/2015,01:09:53,28.53,84.57,10.0,3.6
29/05/2015,02:45:34,28.12,84.58,10.0,3.6
31/05/2015,08:09:20,28.24,84.54,10.0,3.6
15/06/2015,10:07:43,27.76,85.88,19.0,3.6
19/06/2015,20:55:39,27.92,84.62,10.0,3.6
21/06/2015,12:48:28,27.83,85.47,18.0,3.6
29/06/2015,17:49:44,27.8,85.57,18.0,3.6
13/07/2015,11:54:20,27.6,86.04,19.0,3.6
16/07/2015,23:24:50,28.3,84.69,10.0,3.6
21/07/2015,18:00:52,27.97,86.32,35.0,3.6
25/07/2015,14:19:13,27.36,86,19.0,3.6
05/08/2015,08:14:58,27.68,85.91,19.0,3.6
31/08/2015,17:48:32,28.15,85.64,18.0,3.6
01/09/2015,09:10:56,28.24,87.14,95.9,3.6
18/12/2015,16:29:03,28.39,86.74,57.0,3.6
20/12/2015,22:24:31,29.18,81.53,33.0,3.6
30/12/2015,05:50:09,27.84,85.55,18.0,3.6
06/01/2016,11:26:30,30.62,83.41,10.0,3.6
23/02/2016,03:00:48,27.47,87.13,9.9,3.6
11/03/2016,09:28:02,27.86,85.36,18.0,3.6
13/04/2016,06:06:39,28.3,87.55,35.0,3.6
10/05/2016,20:30:51,30.5,82.95,35.0,3.6
21/05/2016,18:53:09,28.33,87.92,10.0,3.6
22/05/2016,01:39:48,28.23,87.5,10.0,3.6
23/05/2016,03:03:57,28.47,87.69,50.0,3.6
25/05/2016,01:25:54,28.27,87.59,10.9,3.6
11/06/2016,21:17:46,30,80.92,10.0,3.6
05/07/2016,20:02:37,28.24,86.64,35.0,3.6
07/07/2016,08:59:42,28.44,84.75,35.0,3.6
25/08/2016,00:34:00,29.91,80.42,23.0,3.6
07/09/2016,19:39:24,28.21,85.86,19.0,3.6
09/09/2016,08:53:25,30.12,82.63,35.0,3.6
09/09/2016,09:31:39,30.31,82.88,35.0,3.6
09/09/2016,11:29:51,29.93,82.37,35.0,3.6
09/09/2016,15:02:49,30.39,82.95,35.0,3.6
10/09/2016,18:57:20,30.1,82.65,10.0,3.6
18/09/2016,17:34:58,29.98,82.5,10.0,3.6
23/09/2016,02:59:23,30.23,82.51,35.0,3.6
12/10/2016,08:29:11,27.57,85.91,0.7,3.6
03/01/2017,18:41:45,29.66,81.69,27.0,3.6
12/01/2017,23:13:48,27.89,87.69,35.0,3.6
02/02/2017,00:28:44,30.55,83.3,18.0,3.6
07/02/2017,23:38:41,27.57,86.14,19.0,3.6
08/06/2017,03:40:20,28.53,84.31,35.0,3.6
05/07/2017,19:54:18,29.15,84.09,10.0,3.6
05/08/2017,12:10:49,30.62,82.21,10.0,3.6
25/08/2017,01:56:34,28.16,86.39,35.0,3.6
15/09/2017,19:04:46,27.73,85.81,19.0,3.6
18/12/2017,11:33:45,27.88,85.64,10.0,3.6
23/12/2017,08:42:49,30.66,83.21,10.0,3.6
08/02/2018,22:25:21,30.17,87.53,35.0,3.6
28/02/2018,09:55:33,30.21,87.71,35.0,3.6
11/04/2018,00:35:02,30.37,87.98,41.0,3.6
23/04/2018,23:37:58,28.35,86.5,35.0,3.6
05/05/2018,15:04:42,28.01,87.47,10.0,3.6
11/07/2018,23:29:24,30.19,87.64,35.0,3.6
13/07/2018,03:13:14,29.51,81.41,27.0,3.6
18/07/2018,04:11:17,29.92,87.67,35.0,3.6
29/12/2018,18:51:19,30.15,87.53,35.0,3.6
27/03/2019,14:54:29,30.39,87.85,41.0,3.6
21/05/2019,18:02:54,28.24,84.37,7.7,3.6
14/06/2019,06:37:33,29.46,81.04,10.3,3.6
02/07/2019,13:10:34,30.06,87.4,35.0,3.6
06/07/2019,10:30:40,27.67,85.4,5.6,3.6
12/10/2019,09:06:13,29.07,84.85,35.0,3.6
22/04/2020,16:38:27,29.15,80.72,24.7,3.6
08/05/2020,11:15:12,28.76,86.87,35.0,3.6
29/12/2020,20:04:01,27.69,86.35,18.2,3.6
25/01/2021,04:24:39,27.94,87.71,88.5,3.6
04/02/2021,09:24:02,28.79,87.37,10.0,3.6
12/02/2021,04:53:34,28.96,86.74,48.3,3.6
22/02/2021,16:44:02,30.1,85.76,35.0,3.6
11/03/2021,23:02:12,28.22,88.02,42.2,3.6
14/07/2021,18:02:59,30.41,87.58,35.0,3.6
23/07/2021,13:11:58,27.42,86.83,9.7,3.6
02/10/2021,14:28:54,27.91,85.8,8.7,3.6
16/10/2021,22:24:32,28.09,84.93,8.9,3.6
31/10/2021,19:56:29,28.02,87.82,81.3,3.6
27/12/2021,01:59:54,28.73,87.39,2.3,3.6
05/01/2022,10:31:44,27.55,86.3,10.0,3.6
19/01/2022,07:21:26,29.76,80.87,14.2,3.6
21/01/2022,00:58:54,27.81,85.26,18.0,3.6
21/05/2022,02:45:09,28.43,86.73,78.5,3.6
18/08/2022,16:58:36,28.09,85.81,19.0,3.6
20/09/2022,21:33:50,29.15,87.73,10.0,3.6
28/10/2022,04:59:12,29.41,81.64,27.0,3.6
25/01/2023,19:23:00,29.55,81.64,49.3,3.6
05/03/2023,02:18:57,27.57,85.59,14.0,3.6
10/04/2023,03:49:09,28.26,87.36,25.1,3.6
27/04/2023,20:06:40,29.8,81.46,33.0,3.6
11/05/2023,00:45:39,29.89,80.5,10.0,3.6
20/06/2023,20:18:48,27.89,87.88,75.8,3.6
13/05/1996,02:20:47,30.04,88.08,37.0,3.7
14/05/1996,14:15:04,29.56,84.73,35.0,3.7
03/07/1996,08:29:43,30.37,88.17,37.0,3.7
07/08/1996,20:42:57,30.07,88.17,37.0,3.7
07/11/1996,16:51:54,30.07,88.07,37.0,3.7
23/11/1996,00:52:16,30.59,88,41.0,3.7
30/12/1996,15:16:32,27.17,86.54,35.0,3.7
08/01/1997,19:56:14,30.08,87.93,41.0,3.7
14/11/1997,14:37:05,30.11,88.16,38.0,3.7
18/03/1998,18:12:20,27.14,88.19,35.0,3.7
13/05/1998,11:24:41,29.54,81.94,44.6,3.7
20/07/1998,01:37:28,30.28,88.12,41.0,3.7
25/08/1998,15:27:14,30.06,88.08,37.0,3.7
13/10/1998,14:47:54,29.87,88.06,37.0,3.7
01/03/1999,10:21:22,28.13,87.11,18.0,3.7
10/04/1999,20:42:35,28.45,88.06,35.0,3.7
17/06/2001,05:57:44,30.74,80.64,35.0,3.7
18/12/2001,23:05:24,29.78,87.74,35.0,3.7
03/02/2002,16:16:07,28.77,81.5,33.0,3.7
27/03/2002,21:26:58,29.75,87.77,37.0,3.7
09/04/2002,02:01:18,30.09,88.13,37.0,3.7
04/06/2002,14:45:31,30.06,81.03,35.0,3.7
06/06/2002,01:56:17,30.6,81.31,36.0,3.7
11/06/2002,00:42:56,30.59,81.47,36.0,3.7
16/07/2002,18:39:27,27.77,87.81,48.1,3.7
19/04/2003,00:59:50,30.88,85.96,35.0,3.7
10/09/2003,16:02:11,28.16,86.95,35.0,3.7
05/11/2003,12:19:22,27.77,85.89,19.0,3.7
13/03/2004,13:24:37,28.69,82.3,35.0,3.7
12/05/2004,11:46:33,29.99,85.25,35.0,3.7
08/06/2004,15:11:30,30.06,86.72,35.0,3.7
01/07/2004,19:14:40,29.99,87.96,37.0,3.7
12/07/2004,17:58:56,30.78,84.05,26.0,3.7
30/10/2004,11:12:54,30.61,83.66,18.0,3.7
08/04/2005,22:02:41,30.46,83.65,18.0,3.7
10/04/2005,01:18:10,30.28,83.7,17.0,3.7
21/04/2005,12:18:46,30.27,83.54,17.0,3.7
24/06/2005,17:37:04,29.33,81.53,27.0,3.7
04/07/2005,23:46:06,30.23,83.58,17.0,3.7
25/10/2005,01:43:11,29.8,81.23,35.0,3.7
15/04/2006,13:39:03,29.51,81.14,17.0,3.7
29/05/2006,16:09:13,30.36,84.4,35.0,3.7
31/12/2006,00:52:11,30.06,83.71,17.0,3.7
17/04/2007,07:04:36,28.18,87.8,68.0,3.7
20/06/2007,19:38:03,30.44,80.57,11.0,3.7
07/08/2007,14:22:45,29.39,87.18,35.0,3.7
01/09/2007,01:33:15,27.87,87.86,69.9,3.7
23/02/2008,14:49:10,27.34,87.94,20.0,3.7
20/05/2008,19:10:27,28.3,83.73,35.0,3.7
07/06/2008,13:54:56,30.6,83.85,26.0,3.7
11/06/2008,03:01:52,28.38,86.87,34.0,3.7
01/08/2008,08:50:11,28.33,87.73,79.1,3.7
25/08/2008,13:47:24,30.5,83.39,18.0,3.7
25/08/2008,13:52:55,30.5,83.38,18.0,3.7
25/08/2008,14:53:49,30.67,83.15,10.0,3.7
25/08/2008,17:02:50,30.63,83.17,35.0,3.7
30/08/2008,21:20:23,30.85,83.41,11.0,3.7
04/09/2008,20:55:47,30.61,83.15,35.0,3.7
05/09/2008,12:50:20,30.67,83.46,18.0,3.7
05/09/2008,14:39:45,30.85,83.28,35.0,3.7
15/09/2008,15:49:17,30.8,83.18,35.0,3.7
19/09/2008,13:32:22,30.69,83.32,11.0,3.7
10/11/2008,21:13:22,28.75,82.08,10.0,3.7
14/11/2008,16:49:53,30.25,83.89,35.0,3.7
19/11/2008,14:57:06,30.7,83.24,35.0,3.7
01/12/2008,09:24:00,28.1,85.3,35.6,3.7
19/12/2008,06:33:55,29.77,82.04,21.0,3.7
22/12/2008,21:19:59,28.36,84.28,35.0,3.7
09/03/2009,19:45:12,30.66,83.56,18.0,3.7
09/04/2009,00:44:28,30.37,80.41,11.0,3.7
14/05/2009,19:18:16,27.48,87.28,22.8,3.7
04/07/2009,15:13:20,30.41,83.89,26.0,3.7
08/11/2009,19:29:36,30.06,82.18,21.0,3.7
07/01/2010,03:48:39,30.88,83.81,10.0,3.7
25/02/2010,14:08:04,29.44,81.58,27.0,3.7
26/02/2010,12:55:39,30.69,83.54,18.0,3.7
01/03/2010,02:53:07,29.58,81.63,27.0,3.7
13/05/2010,06:05:59,28.3,84.49,35.0,3.7
15/04/2011,17:21:09,27.89,87.3,50.0,3.7
15/06/2011,00:59:16,29.69,81.03,17.0,3.7
25/06/2011,21:23:24,28.34,87.58,35.0,3.7
16/11/2011,00:26:06,30.24,82.99,10.0,3.7
08/12/2011,17:40:36,28.55,83.12,10.0,3.7
28/01/2012,09:25:13,28.06,87.2,1.0,3.7
21/02/2012,07:05:45,27.51,88.15,10.0,3.7
26/02/2012,22:56:52,29.48,81.14,17.0,3.7
26/02/2012,23:06:00,29.52,81.14,17.0,3.7
01/08/2012,19:50:04,29.96,85.46,35.0,3.7
30/08/2012,14:11:12,28.7,82.41,13.6,3.7
29/01/2013,19:43:01,29.73,80.65,19.0,3.7
02/02/2013,05:59:49,29.88,87.96,10.0,3.7
04/02/2013,07:07:19,28.51,86.53,100.0,3.7
05/02/2013,19:26:51,28.13,87.26,10.0,3.7
21/02/2013,22:09:59,29.91,87.95,37.0,3.7
31/03/2013,13:05:18,28.88,87.16,35.0,3.7
25/04/2013,14:38:41,29.83,80.65,23.0,3.7
12/09/2013,04:29:11,26.91,87.28,13.4,3.7
22/09/2013,14:36:00,30.01,81.6,33.0,3.7
29/09/2013,08:49:07,29.67,87.82,10.0,3.7
31/03/2014,07:51:37,29.55,82.04,10.0,3.7
27/04/2014,14:22:15,30.87,83.26,11.0,3.7
03/08/2014,05:53:52,28.96,85.15,35.0,3.7
28/12/2014,18:23:58,29.51,81.18,10.0,3.7
22/02/2015,11:02:14,28.42,81.37,35.0,3.7
23/04/2015,20:26:42,27.16,87.96,36.0,3.7
25/04/2015,08:53:39,27.86,85.74,11.3,3.7
25/04/2015,09:36:28,27.45,85.69,10.0,3.7
25/04/2015,09:55:16,27.83,85.7,18.0,3.7
25/04/2015,11:15:18,27.5,86.06,19.0,3.7
25/04/2015,13:38:59,27.35,85.63,10.0,3.7
25/04/2015,13:48:17,27.78,85.59,18.0,3.7
25/04/2015,14:30:14,27.81,85.67,18.0,3.7
25/04/2015,14:54:50,28.06,85.38,18.0,3.7
25/04/2015,15:43:45,27.94,85.38,18.0,3.7
25/04/2015,16:24:02,27.73,85.52,10.0,3.7
25/04/2015,17:55:52,28,85.27,10.0,3.7
25/04/2015,18:01:28,27.74,85.85,19.0,3.7
25/04/2015,18:29:43,27.88,85.32,18.0,3.7
25/04/2015,19:44:24,27.85,85.33,18.0,3.7
25/04/2015,19:46:00,28.1,84.58,10.0,3.7
25/04/2015,20:11:35,27.79,85.37,18.0,3.7
25/04/2015,23:40:49,27.59,84.94,10.0,3.7
26/04/2015,02:06:36,27.99,85.18,12.0,3.7
26/04/2015,02:21:21,27.72,85.9,19.0,3.7
26/04/2015,02:37:44,27.97,85.65,18.0,3.7
26/04/2015,05:47:29,28,84.54,10.0,3.7
26/04/2015,06:03:00,28.4,87.19,10.0,3.7
26/04/2015,08:50:38,27.53,85.55,10.0,3.7
26/04/2015,16:57:24,27.66,85.96,19.0,3.7
26/04/2015,21:52:24,27.66,85.07,10.0,3.7
27/04/2015,00:20:13,27.56,85.88,19.0,3.7
27/04/2015,07:22:27,27.84,85.32,18.0,3.7
27/04/2015,18:12:41,27.85,85.26,18.0,3.7
28/04/2015,01:37:38,28.01,85.66,18.0,3.7
28/04/2015,01:43:43,27.89,84.51,10.0,3.7
28/04/2015,07:05:40,28.11,86.96,18.0,3.7
28/04/2015,23:54:25,28.02,85.32,18.0,3.7
29/04/2015,06:02:17,28.37,84.04,10.0,3.7
29/04/2015,23:28:01,28.35,87.53,35.0,3.7
30/04/2015,02:35:54,28.31,87.54,10.0,3.7
01/05/2015,11:52:22,27.46,86.01,19.0,3.7
02/05/2015,09:56:40,27.41,86.06,19.0,3.7
03/05/2015,20:28:57,27.54,85.35,10.0,3.7
04/05/2015,09:30:37,27.69,86.29,10.0,3.7
05/05/2015,00:54:03,27.98,84.9,12.0,3.7
06/05/2015,12:17:13,28.09,84.79,12.0,3.7
06/05/2015,12:35:37,28.58,86.45,57.0,3.7
07/05/2015,16:30:47,27.79,85.21,12.0,3.7
10/05/2015,09:38:33,27.52,85.53,10.0,3.7
10/05/2015,12:20:34,28.03,84.53,10.0,3.7
11/05/2015,18:09:28,27.75,85.33,18.0,3.7
11/05/2015,18:53:29,27.87,85,12.0,3.7
12/05/2015,08:20:19,27.95,86.79,10.0,3.7
12/05/2015,09:08:10,27.77,85.87,19.0,3.7
12/05/2015,09:09:33,27.89,86.07,19.0,3.7
12/05/2015,09:13:21,27.56,86.3,10.0,3.7
12/05/2015,09:29:26,27.74,86.07,19.0,3.7
12/05/2015,09:41:00,27.61,86.01,10.0,3.7
12/05/2015,11:14:49,27.9,86.07,19.0,3.7
12/05/2015,22:53:17,27.77,86.33,14.8,3.7
13/05/2015,15:53:06,27.94,84.64,10.0,3.7
14/05/2015,03:21:35,27.53,86.32,10.0,3.7
14/05/2015,21:53:38,27.2,85.54,35.0,3.7
15/05/2015,11:43:12,27.84,84.74,10.0,3.7
15/05/2015,22:43:15,27.58,85.99,19.0,3.7
18/05/2015,12:16:15,28.45,85.37,10.0,3.7
25/05/2015,21:42:13,27.83,85.47,18.0,3.7
29/05/2015,09:04:36,28.47,87.19,10.0,3.7
02/06/2015,20:33:07,29.91,81.71,10.0,3.7
19/06/2015,08:05:49,28.29,84.52,10.0,3.7
20/06/2015,12:22:34,28.52,82.7,10.0,3.7
28/06/2015,16:16:22,27.79,85.45,18.0,3.7
01/07/2015,23:41:35,27.87,85.58,18.0,3.7
01/08/2015,01:37:58,28.16,85.94,10.0,3.7
07/08/2015,15:46:38,30.41,80.41,11.0,3.7
15/08/2015,04:25:15,27.65,85.91,19.0,3.7
07/09/2015,12:55:47,27.98,87.9,100.0,3.7
16/09/2015,14:52:14,28.03,86.31,10.0,3.7
19/10/2015,23:08:55,28.37,86.56,35.0,3.7
25/01/2016,23:58:57,29.48,87.93,35.0,3.7
05/05/2016,04:46:17,27.75,84.88,12.0,3.7
22/05/2016,02:16:18,28.41,87.5,10.0,3.7
02/06/2016,23:25:27,27.86,85.51,18.0,3.7
21/06/2016,05:49:48,27.85,85.19,12.0,3.7
27/08/2016,12:03:05,29.52,81.54,27.0,3.7
05/09/2016,02:04:14,27.74,86.33,16.6,3.7
13/09/2016,06:52:49,29.94,82.52,10.0,3.7
18/10/2016,14:43:21,27.75,86.25,10.0,3.7
25/03/2017,13:42:22,29.34,80.64,19.0,3.7
14/10/2017,20:47:35,28.14,83.93,35.0,3.7
02/03/2018,12:55:06,30.23,87.67,10.0,3.7
04/03/2018,16:07:54,30.11,87.58,35.0,3.7
30/03/2018,14:16:34,29.38,85.96,35.0,3.7
23/04/2018,11:34:19,30.05,87.67,35.0,3.7
08/05/2018,09:03:35,28.98,84.66,35.0,3.7
24/05/2018,14:25:16,29.78,80.71,10.0,3.7
25/05/2018,10:37:30,28.37,86.1,28.0,3.7
18/07/2018,05:30:42,29.32,81.15,17.0,3.7
01/08/2018,19:59:41,30.13,87.37,35.0,3.7
03/11/2018,14:30:28,30.29,87.81,41.0,3.7
31/12/2018,12:40:58,30.18,87.77,37.0,3.7
04/02/2019,17:13:40,29.38,87.64,35.0,3.7
06/02/2019,07:51:35,29.1,87.26,14.0,3.7
06/02/2019,15:30:18,29.3,87.46,19.6,3.7
15/02/2019,11:07:53,30.3,87.64,35.0,3.7
20/02/2019,19:51:07,30.19,87.64,35.0,3.7
26/02/2019,10:30:38,27.48,85.91,10.5,3.7
13/04/2019,04:39:58,28.1,85.32,8.5,3.7
16/04/2019,06:50:46,28.2,84.78,17.0,3.7
16/05/2019,05:39:52,29.52,85.41,3.2,3.7
20/06/2019,14:47:51,28.81,87.51,4.4,3.7
23/06/2019,09:37:05,30.04,85.55,35.0,3.7
29/09/2019,01:41:57,28.58,82.94,7.0,3.7
12/01/2020,12:13:58,29.53,81.55,27.0,3.7
23/05/2020,05:59:58,28.6,87.23,12.0,3.7
27/09/2020,22:16:53,29.03,87.48,16.2,3.7
25/10/2020,18:12:53,30.91,83.47,11.0,3.7
23/11/2020,13:35:59,27.28,86.59,8.2,3.7
19/02/2021,18:44:05,28.79,87.46,14.0,3.7
28/02/2021,12:33:16,28.46,87.63,4.8,3.7
03/04/2021,19:45:32,28.71,86.5,2.6,3.7
22/04/2021,03:08:55,30.43,87.23,35.0,3.7
19/05/2021,02:31:37,28.22,84.35,5.5,3.7
19/05/2021,02:32:30,28.16,84.34,14.2,3.7
02/06/2021,15:10:56,30.36,85.26,35.0,3.7
28/07/2021,18:59:21,29.16,87.05,4.6,3.7
23/08/2021,20:38:10,29.54,81.04,10.0,3.7
31/08/2021,21:50:15,29.61,84.39,6.2,3.7
05/03/2022,23:07:54,28.5,86.84,73.9,3.7
23/05/2022,09:24:35,27.4,87.79,20.0,3.7
10/06/2022,20:51:21,27.65,85.41,13.2,3.7
18/09/2022,16:46:10,28.52,86.84,34.0,3.7
05/12/2022,23:06:16,29.21,83.11,10.0,3.7
05/03/2023,02:50:48,29.19,81.11,18.0,3.7
13/03/2023,13:11:08,28.8,81.63,5.2,3.7
26/03/2023,16:42:32,29.54,81.68,3.8,3.7
04/05/2023,07:32:00,29.58,81.56,14.2,3.7
12/06/2023,01:53:55,29.63,81.57,23.9,3.7
13/01/1993,02:02:07,28.47,86.53,57.0,3.8
27/03/1996,20:01:59,29.99,88.09,37.0,3.8
14/04/1996,12:59:01,30.11,83.86,35.0,3.8
12/07/1996,02:26:53,30.02,88,37.0,3.8
22/07/1996,08:02:35,30.07,88.03,37.0,3.8
31/01/1997,20:55:55,27.94,85.01,12.0,3.8
16/08/1997,20:30:56,29.96,86.16,35.0,3.8
16/01/1998,19:40:06,30.12,86.28,35.0,3.8
19/01/1998,12:12:43,29.62,80.61,19.0,3.8
21/03/1998,10:09:41,28.57,86.39,57.0,3.8
27/03/1998,19:43:31,30.06,81.63,33.0,3.8
01/08/1998,10:02:20,30.26,88.05,41.0,3.8
25/08/1998,13:39:52,30.06,88.12,37.0,3.8
07/09/1998,03:01:42,27.86,87.01,18.0,3.8
04/10/1998,23:11:05,29.05,83.93,35.0,3.8
14/10/1998,12:13:02,27.79,87.04,18.0,3.8
16/10/1998,14:17:19,30.04,88.08,37.0,3.8
22/04/1999,17:47:54,28.67,82.05,35.0,3.8
03/07/1999,00:36:40,30.92,82.86,35.0,3.8
20/09/1999,07:28:03,27.47,88.08,35.0,3.8
25/01/2000,12:07:45,27.49,88.16,22.0,3.8
02/06/2000,18:09:14,28.13,83.1,10.0,3.8
03/05/2002,04:01:21,27.21,88.12,36.0,3.8
08/05/2002,17:57:00,28.53,86.52,100.0,3.8
04/06/2002,14:45:51,30.35,81.56,33.0,3.8
04/06/2002,16:01:29,30.21,81.63,33.0,3.8
07/06/2002,14:46:41,30.35,81.66,36.0,3.8
13/06/2002,12:33:39,30.25,81.66,21.0,3.8
05/08/2002,00:52:07,30.23,81.36,33.0,3.8
09/08/2002,19:35:44,29.01,80.91,10.0,3.8
14/08/2002,13:01:33,30.44,81.4,10.0,3.8
16/08/2002,07:14:36,29.91,87.99,37.0,3.8
18/08/2002,14:02:42,29.93,88.11,37.0,3.8
28/03/2003,09:02:25,30.38,81.55,36.0,3.8
28/03/2003,21:53:23,28.32,87,34.0,3.8
03/06/2003,03:46:01,30.81,86.12,35.0,3.8
03/06/2003,03:48:20,30.32,85.89,35.0,3.8
02/08/2003,01:13:41,29.81,81.75,35.0,3.8
30/09/2003,02:34:38,30.57,86.07,35.0,3.8
25/10/2003,22:52:01,29.92,84.93,10.0,3.8
14/02/2004,07:30:57,29.51,80.77,17.0,3.8
31/03/2004,22:32:25,27.44,87.97,20.0,3.8
29/05/2004,12:09:38,28.49,82.81,35.0,3.8
29/05/2004,16:06:53,28.4,82.82,35.0,3.8
26/06/2004,06:00:08,29.83,87.83,35.0,3.8
10/08/2004,20:03:19,30.47,83.76,26.0,3.8
03/11/2004,08:11:45,30.55,84.07,26.0,3.8
05/11/2004,22:15:19,30.75,86.6,35.0,3.8
31/12/2004,18:55:18,30.23,85.98,35.0,3.8
07/04/2005,20:50:31,30.22,83.56,17.0,3.8
07/04/2005,21:21:46,30.26,83.58,17.0,3.8
08/04/2005,08:43:20,30.23,83.76,26.0,3.8
11/04/2005,17:55:35,30.77,84.05,35.0,3.8
08/05/2005,14:24:21,30.38,84.02,26.0,3.8
22/05/2005,22:12:56,30.3,84.06,17.0,3.8
20/08/2005,23:18:49,30.89,87.7,35.0,3.8
16/09/2005,17:59:25,30.23,81.69,36.0,3.8
25/10/2005,02:51:27,30.07,81.16,10.0,3.8
10/12/2005,05:39:36,29.06,82.34,35.0,3.8
01/01/2006,12:39:44,30.29,86.5,35.0,3.8
30/08/2006,18:25:05,29.22,83.43,35.0,3.8
12/11/2006,13:46:29,29.67,80.83,17.0,3.8
12/02/2007,15:53:55,29.4,81.34,27.0,3.8
18/10/2007,22:18:58,29.74,82.05,21.0,3.8
07/11/2007,01:30:24,28.05,86.96,74.9,3.8
08/04/2008,20:41:05,28.44,83.42,10.0,3.8
27/05/2008,19:36:27,28.9,85.36,35.0,3.8
25/08/2008,14:36:36,30.51,83.26,18.0,3.8
25/08/2008,15:09:58,30.82,83.35,11.0,3.8
25/08/2008,16:57:48,30.84,83.35,11.0,3.8
25/08/2008,18:50:28,30.7,83.53,18.0,3.8
26/08/2008,05:02:13,30.8,83.31,11.0,3.8
26/08/2008,10:03:40,30.85,83.35,35.0,3.8
26/08/2008,10:59:43,30.67,83.22,10.0,3.8
26/08/2008,21:42:29,30.74,83.29,11.0,3.8
27/08/2008,05:38:30,30.9,83.38,11.0,3.8
28/08/2008,03:58:45,30.78,83.51,18.0,3.8
28/08/2008,06:27:15,30.67,83.18,35.0,3.8
29/08/2008,01:26:42,30.66,83.27,18.0,3.8
31/08/2008,07:39:28,30.85,83.3,11.0,3.8
01/09/2008,06:14:33,30.9,83.67,11.0,3.8
07/09/2008,19:46:58,30.72,83.35,18.0,3.8
14/09/2008,08:01:40,30.49,83.02,35.0,3.8
25/09/2008,08:49:15,30.87,83.56,11.0,3.8
05/10/2008,01:13:57,30.67,83.2,10.0,3.8
17/10/2008,18:02:55,30.42,83.37,18.0,3.8
22/10/2008,03:31:57,30.5,83.47,18.0,3.8
25/10/2008,00:29:28,30.89,83.58,11.0,3.8
19/11/2008,21:18:57,30.27,83.64,18.0,3.8
27/11/2008,18:45:40,30.76,83.29,11.0,3.8
26/12/2008,11:43:54,29.86,81.99,21.0,3.8
01/01/2009,19:59:48,30.87,83.42,11.0,3.8
16/03/2009,06:01:20,28.11,87.8,73.0,3.8
11/06/2009,21:37:33,30.73,83.62,18.0,3.8
10/08/2009,11:20:18,30.92,83.59,11.0,3.8
22/02/2010,14:58:11,30.66,83.83,26.0,3.8
28/02/2010,22:03:26,28.47,86.71,70.0,3.8
15/03/2010,20:40:31,30.87,82.11,35.0,3.8
20/03/2010,21:12:53,28.98,81.58,33.0,3.8
04/11/2010,05:23:13,30.9,84.28,35.0,3.8
11/11/2010,19:27:43,30.83,84.36,35.0,3.8
02/10/2011,11:29:40,29.57,81.94,10.0,3.8
18/03/2012,13:56:37,27.93,86.84,10.0,3.8
29/04/2012,21:53:41,28.14,88.09,35.0,3.8
27/05/2012,20:27:45,30.78,83.27,11.0,3.8
09/06/2012,11:59:59,28.45,86.77,10.0,3.8
09/08/2012,13:55:27,28.5,86.82,34.0,3.8
24/08/2012,00:17:14,28.38,82.63,35.0,3.8
17/09/2012,09:45:52,28.67,82.31,35.0,3.8
09/12/2012,17:54:17,30.11,88.16,35.0,3.8
09/01/2013,10:05:03,29.96,88.01,37.0,3.8
17/01/2013,20:59:49,29.35,81.43,27.0,3.8
07/02/2013,01:08:40,29.47,81,17.0,3.8
18/05/2013,05:42:58,29.98,88.08,37.0,3.8
29/05/2013,21:09:04,28.46,87.78,43.3,3.8
27/06/2013,12:01:22,30.09,88.14,37.0,3.8
04/09/2013,01:38:38,28.38,87.55,35.0,3.8
26/10/2013,03:17:25,29.07,86.56,4.0,3.8
11/04/2014,17:22:13,29.34,81.67,27.0,3.8
14/05/2014,19:03:20,29.62,80.83,17.0,3.8
29/05/2014,13:04:35,30.59,83.36,18.0,3.8
03/07/2014,11:34:57,30.17,80.52,10.0,3.8
12/08/2014,20:36:27,29.85,87.94,10.0,3.8
22/08/2014,15:59:38,27.96,88.08,99.0,3.8
21/04/2015,14:32:28,29.03,82.28,10.0,3.8
25/04/2015,07:22:33,27.72,85.26,14.0,3.8
25/04/2015,07:30:12,27.77,85.77,10.0,3.8
25/04/2015,07:35:55,27.74,85.83,19.0,3.8
25/04/2015,07:42:15,27.73,85.71,10.0,3.8
25/04/2015,07:42:52,27.9,85.93,19.0,3.8
25/04/2015,09:15:21,27.87,85.35,18.0,3.8
25/04/2015,10:34:31,27.59,84.84,10.0,3.8
25/04/2015,12:17:10,27.64,85.97,10.0,3.8
25/04/2015,13:01:03,28.39,87.24,10.0,3.8
25/04/2015,13:21:44,27.64,85.94,10.7,3.8
25/04/2015,14:35:13,28.88,86.14,10.0,3.8
25/04/2015,16:27:04,27.73,85.19,10.0,3.8
25/04/2015,23:58:22,27.81,85.34,18.0,3.8
26/04/2015,07:25:00,27.65,85.77,19.0,3.8
26/04/2015,07:56:41,27.92,86.09,19.0,3.8
26/04/2015,08:26:46,27.65,85.7,10.0,3.8
26/04/2015,16:02:30,27.58,85.75,19.0,3.8
26/04/2015,17:38:43,27.85,85.27,10.0,3.8
26/04/2015,20:02:59,27.85,85.58,10.0,3.8
27/04/2015,00:01:48,27.49,85.81,19.0,3.8
27/04/2015,01:53:38,27.91,84.93,12.0,3.8
27/04/2015,06:00:01,27.76,85.9,19.0,3.8
27/04/2015,11:09:59,27.7,84.9,10.0,3.8
27/04/2015,16:54:47,27.78,85.88,12.7,3.8
27/04/2015,17:03:31,27.85,85.73,10.0,3.8
27/04/2015,17:45:27,28.05,84.89,12.0,3.8
28/04/2015,00:33:24,27.88,85.93,19.0,3.8
28/04/2015,02:00:53,27.61,85.87,19.0,3.8
28/04/2015,05:40:11,27.89,85.26,18.0,3.8
28/04/2015,21:44:23,27.75,85.69,18.0,3.8
29/04/2015,01:22:23,27.5,86,19.0,3.8
29/04/2015,08:21:36,27.44,85.71,10.0,3.8
30/04/2015,02:46:27,28,85.34,18.0,3.8
30/04/2015,17:34:38,27.97,85.83,19.0,3.8
30/04/2015,19:13:31,27.65,85.97,19.0,3.8
01/05/2015,05:43:19,28.02,85.36,10.8,3.8
01/05/2015,18:47:18,28,84.64,10.0,3.8
02/05/2015,00:10:49,27.36,85.21,10.0,3.8
02/05/2015,01:03:12,27.79,85.91,19.0,3.8
02/05/2015,14:39:01,27.76,85.55,10.0,3.8
03/05/2015,02:15:27,27.79,84.67,10.0,3.8
04/05/2015,09:55:58,27.67,85.61,10.0,3.8
04/05/2015,14:11:04,27.86,85.27,18.0,3.8
06/05/2015,15:13:19,27.48,85.53,10.0,3.8
08/05/2015,14:22:53,27.74,85.86,10.0,3.8
08/05/2015,15:09:03,28,84.79,10.0,3.8
10/05/2015,08:12:28,28.75,85.04,10.0,3.8
12/05/2015,07:32:28,27.69,86.15,19.0,3.8
12/05/2015,08:48:53,27.89,86.37,10.0,3.8
12/05/2015,08:52:29,27.94,86.31,10.0,3.8
12/05/2015,13:02:12,27.21,86.21,3.7,3.8
12/05/2015,15:59:47,27.45,86.03,19.0,3.8
12/05/2015,16:15:14,27.83,86.3,10.0,3.8
12/05/2015,21:57:15,27.82,85.99,19.0,3.8
13/05/2015,06:49:33,27.65,86.34,0.7,3.8
15/05/2015,22:53:24,27.39,86.12,10.0,3.8
16/05/2015,18:34:58,27.91,84.45,10.0,3.8
17/05/2015,03:19:20,27.62,86.01,35.0,3.8
17/05/2015,09:00:44,28.93,83.94,35.0,3.8
17/05/2015,14:55:02,27.52,86.13,10.0,3.8
21/05/2015,09:11:57,27.88,85.31,18.0,3.8
26/05/2015,14:15:30,27.39,85.31,10.0,3.8
27/05/2015,06:18:37,27.6,86.13,19.0,3.8
28/05/2015,23:35:52,28.01,84.82,10.0,3.8
29/05/2015,13:11:18,29.47,85.41,10.0,3.8
05/06/2015,20:48:34,28.21,85.25,10.0,3.8
10/06/2015,07:51:00,27.66,85.37,10.0,3.8
01/07/2015,09:49:29,27.93,85.21,12.0,3.8
06/07/2015,05:03:27,27.58,86.09,19.0,3.8
09/07/2015,12:14:58,27.72,85.43,10.0,3.8
25/07/2015,08:47:14,27.89,86.31,35.0,3.8
27/07/2015,12:38:57,27.85,85.37,18.0,3.8
20/08/2015,06:02:52,27.99,85.25,10.6,3.8
07/10/2015,04:58:19,28.16,85.07,12.0,3.8
08/10/2015,16:13:10,27.83,85.37,18.0,3.8
26/12/2015,04:48:42,29.28,81.6,27.0,3.8
13/02/2016,14:37:18,27.63,85.48,35.0,3.8
01/03/2016,10:45:37,27.58,85.43,35.0,3.8
04/04/2016,04:32:13,27.53,85.74,10.0,3.8
17/04/2016,17:27:31,28.34,87.8,96.3,3.8
23/04/2016,20:30:59,27.94,85.01,12.0,3.8
13/05/2016,23:20:58,27.83,85.55,10.0,3.8
21/05/2016,11:06:24,28.26,87.37,10.0,3.8
22/05/2016,02:18:11,28.42,87.41,10.0,3.8
10/06/2016,05:47:30,28.36,87.49,3.1,3.8
27/07/2016,23:40:52,28.44,87.68,10.0,3.8
02/10/2016,22:54:53,27.51,84.99,10.0,3.8
10/10/2016,06:52:40,28.03,87.39,32.4,3.8
06/11/2016,16:02:01,29.58,81.14,10.0,3.8
12/11/2016,03:15:16,28.18,87.86,35.0,3.8
26/03/2017,03:45:09,27.95,85.84,10.9,3.8
30/05/2017,17:38:00,29.46,80.99,17.0,3.8
28/06/2017,18:24:01,27.61,86.35,12.9,3.8
05/07/2017,09:45:45,30.82,80.76,7.0,3.8
05/09/2017,03:06:38,30.99,83.69,11.0,3.8
26/10/2017,12:51:41,29.07,81.54,33.0,3.8
20/11/2017,05:46:20,28.28,87.29,19.6,3.8
02/03/2018,05:06:02,27.67,86.31,17.0,3.8
28/04/2018,21:45:05,30.21,87.53,35.0,3.8
29/04/2018,09:11:54,28.48,86.74,50.0,3.8
08/05/2018,13:07:37,27.97,87.72,17.2,3.8
04/10/2018,06:28:25,29.76,88.12,35.0,3.8
05/10/2018,06:09:38,28.71,81.6,35.0,3.8
05/10/2018,16:00:27,28.79,81.58,33.0,3.8
24/10/2018,17:21:57,30.31,88,35.0,3.8
11/12/2018,09:06:26,30.17,87.5,35.0,3.8
20/12/2018,11:17:12,28.95,84.73,35.0,3.8
23/12/2018,19:40:11,30.17,87.59,10.0,3.8
02/03/2019,07:58:13,30.43,81.23,35.0,3.8
06/03/2019,00:45:55,30.42,87.53,35.0,3.8
07/03/2019,10:52:34,29.98,87.62,35.0,3.8
24/04/2019,15:07:55,29.48,85.33,11.6,3.8
30/05/2019,20:10:24,29.58,85.61,10.0,3.8
31/05/2019,09:30:06,28.24,87.75,22.9,3.8
24/08/2019,05:50:11,30.64,87.79,41.0,3.8
28/09/2019,04:58:26,30,81.48,6.0,3.8
24/01/2020,15:48:14,29.4,86.53,4.1,3.8
28/01/2020,02:14:18,29.66,81.66,27.0,3.8
08/05/2020,12:27:17,29.29,84.53,35.0,3.8
27/08/2020,03:11:12,29.83,80.83,10.0,3.8
28/10/2020,18:34:27,29.41,80.92,17.0,3.8
19/02/2021,21:51:01,28.59,87.66,10.0,3.8
19/05/2021,15:38:56,28.18,84.37,11.9,3.8
26/05/2021,06:43:39,29.06,86.29,14.9,3.8
18/07/2021,15:14:21,28.87,81.45,33.0,3.8
05/09/2021,02:52:55,28.49,88.15,62.3,3.8
08/11/2021,08:22:07,28.58,87.28,6.4,3.8
14/11/2021,09:15:03,30.42,87.67,10.0,3.8
14/12/2021,20:03:08,28.65,87.5,58.6,3.8
18/12/2021,00:29:28,28.23,87.66,68.0,3.8
23/03/2022,18:02:58,28.14,87.98,71.0,3.8
22/07/2022,23:00:40,29.98,86.43,35.0,3.8
10/10/2022,01:23:49,28.63,87.45,2.0,3.8
06/11/2022,16:28:42,27.94,88.17,27.4,3.8
08/11/2022,21:45:20,29.53,80.87,10.0,3.8
03/12/2022,03:48:04,30,86.31,35.0,3.8
23/12/2022,01:30:55,28.51,83.1,10.0,3.8
21/01/2023,22:53:20,27.78,85.74,10.0,3.8
28/03/2023,17:56:42,28,87.95,72.1,3.8
10/05/2023,23:31:01,29.61,81.49,25.8,3.8
04/07/1994,11:54:59,30.78,86.47,26.0,3.9
11/01/1996,15:29:56,28.72,86.29,48.4,3.9
21/03/1996,06:04:17,30.34,88.11,37.0,3.9
03/07/1996,18:02:45,30.14,88.09,37.0,3.9
12/07/1996,15:23:15,29.71,88.03,37.0,3.9
07/08/1996,08:03:46,30.22,88.03,37.0,3.9
23/08/1996,04:17:59,30.02,88.12,37.0,3.9
26/11/1996,16:41:49,30.64,83.11,35.0,3.9
03/01/1997,19:15:39,29.28,81.59,27.0,3.9
05/01/1997,09:11:11,29.66,80.68,23.0,3.9
03/02/1997,00:43:07,27.9,85.13,19.8,3.9
02/05/1997,20:09:28,29.35,80.41,19.0,3.9
17/08/1997,20:03:38,28.12,87.56,68.0,3.9
13/09/1997,18:36:35,29.98,88.03,35.0,3.9
15/09/1997,16:41:12,30.04,88.07,37.0,3.9
05/10/1997,21:41:01,30.54,88.15,41.0,3.9
08/12/1997,06:38:00,27.45,87.13,35.0,3.9
10/05/1998,14:56:25,29.55,81.96,31.0,3.9
20/05/1998,08:42:53,29.54,81.54,27.0,3.9
20/07/1998,23:41:14,30.23,88.19,37.0,3.9
25/08/1998,13:50:08,30.16,88.15,37.0,3.9
29/08/1998,15:02:37,30.03,88.19,37.0,3.9
03/09/1998,18:51:40,27.64,86.77,35.0,3.9
08/09/1998,20:27:32,27.82,87.01,1.2,3.9
26/09/1998,20:48:45,27.65,86.22,24.1,3.9
26/09/1998,23:29:03,29.85,82.02,21.0,3.9
16/10/1998,10:27:18,28.02,85.59,15.0,3.9
25/03/1999,20:47:54,28.19,87.32,10.0,3.9
24/04/1999,19:48:40,29.34,81.75,31.0,3.9
03/06/1999,14:03:56,30.07,88.13,37.0,3.9
13/06/1999,07:38:03,28.28,86.48,57.0,3.9
05/09/1999,13:48:00,30.72,80.89,10.0,3.9
13/03/2000,23:09:12,29.25,81.33,10.0,3.9
05/05/2000,22:48:16,29.47,81.49,27.0,3.9
02/09/2000,04:21:44,28.14,85.3,12.0,3.9
27/02/2001,16:21:20,28.53,87.15,34.0,3.9
08/04/2001,18:35:50,27.53,88.13,20.0,3.9
11/07/2001,19:44:35,29.39,81.44,27.0,3.9
27/11/2001,09:17:24,29.58,81.83,31.0,3.9
28/11/2001,10:05:35,29.47,81.69,24.6,3.9
09/04/2002,02:09:43,30.08,88.03,37.0,3.9
11/05/2002,07:52:03,30.93,87.17,35.0,3.9
05/06/2002,03:59:00,30.5,81.43,10.0,3.9
12/06/2002,17:50:59,30.32,81.65,10.0,3.9
02/07/2002,17:10:40,26.72,84.52,35.0,3.9
14/08/2002,13:03:48,30.67,81.63,10.0,3.9
27/12/2002,03:10:44,29.85,87.93,35.0,3.9
27/12/2002,06:35:28,29.9,88.08,37.0,3.9
05/06/2003,12:59:57,30.71,86.23,10.0,3.9
08/07/2003,12:30:35,27.25,88.05,6.0,3.9
09/09/2003,21:50:02,29.64,81.62,27.0,3.9
30/09/2003,02:41:24,30.28,85.57,35.0,3.9
01/10/2003,18:17:32,29.27,81.96,31.0,3.9
15/11/2003,14:44:01,30.2,82.96,35.0,3.9
22/11/2003,05:07:07,28.23,83.82,35.0,3.9
22/11/2003,23:31:58,28.16,83.83,35.0,3.9
14/12/2003,17:12:05,30.67,80.6,35.0,3.9
11/03/2004,14:39:40,30.44,82.82,35.0,3.9
17/04/2004,07:15:24,29.51,80.83,17.0,3.9
21/05/2004,15:29:06,30.54,85.19,35.0,3.9
17/11/2004,10:39:03,28.08,84.48,35.0,3.9
02/12/2004,23:45:52,30.59,83.48,18.0,3.9
29/03/2005,15:51:25,28.01,84.69,15.6,3.9
07/04/2005,01:40:45,29.34,81.67,23.1,3.9
10/05/2005,02:30:42,30.47,83.62,18.0,3.9
05/06/2005,16:49:44,30.4,83.54,18.0,3.9
17/06/2005,02:08:17,30.44,83.67,18.0,3.9
10/10/2005,19:51:51,30.21,83.37,17.0,3.9
14/10/2005,04:43:05,28.15,86.16,19.0,3.9
19/02/2006,21:18:54,28.31,83.73,11.7,3.9
13/05/2006,05:40:07,30.88,83.45,11.0,3.9
15/08/2006,00:30:43,29.48,85.62,35.0,3.9
04/10/2006,21:34:55,29.78,80.57,23.0,3.9
09/06/2007,07:07:27,28.38,87.43,35.0,3.9
11/08/2007,07:01:34,28.68,85.64,47.0,3.9
29/03/2008,16:11:22,29.89,80.7,23.0,3.9
31/07/2008,22:20:20,28.4,86.39,57.0,3.9
25/08/2008,14:05:03,30.85,83.29,11.0,3.9
25/08/2008,16:43:27,30.82,83.28,18.0,3.9
25/08/2008,16:46:58,30.61,83.33,18.0,3.9
25/08/2008,17:01:32,30.74,83.32,18.0,3.9
26/08/2008,16:23:29,30.96,83.46,11.0,3.9
20/09/2008,04:11:48,30.86,83.55,11.0,3.9
07/10/2008,18:09:39,27.51,87.78,17.5,3.9
18/05/2009,23:03:51,27.93,87.96,56.1,3.9
01/06/2009,05:27:55,29.85,88.06,37.0,3.9
02/08/2009,01:39:35,30.86,83.67,11.0,3.9
09/09/2009,07:20:00,27.9,87.21,25.3,3.9
09/10/2009,15:12:12,28.35,87.25,43.1,3.9
01/11/2009,08:50:31,29.99,82.13,21.0,3.9
11/01/2010,05:15:14,29.8,80.46,23.0,3.9
27/02/2010,22:04:07,28.26,86.14,19.0,3.9
27/03/2010,14:44:04,27.75,87.8,68.0,3.9
05/10/2010,17:00:36,27.17,88.13,36.0,3.9
10/11/2010,03:36:01,30.84,84.34,35.0,3.9
07/02/2011,15:40:55,28.04,87.86,71.0,3.9
22/03/2011,05:10:53,28.33,83.05,35.0,3.9
12/07/2011,07:59:28,30.35,83.6,18.0,3.9
25/08/2011,08:01:54,28.49,82.7,10.0,3.9
19/01/2012,00:46:51,29.47,82.02,32.3,3.9
11/07/2012,17:23:28,29.46,81.32,27.0,3.9
29/08/2012,19:54:20,28.44,82.7,35.0,3.9
30/08/2013,18:02:29,28.27,85.93,52.4,3.9
03/11/2013,06:47:21,29.41,81.86,31.0,3.9
06/12/2013,11:45:16,30.05,88.11,10.0,3.9
11/02/2014,10:16:00,28.84,81.96,40.0,3.9
07/07/2014,16:37:12,29.31,81.05,17.0,3.9
11/07/2014,23:05:23,30.92,86.49,10.0,3.9
03/08/2014,04:12:27,29.15,85.46,10.0,3.9
29/08/2014,11:01:23,29.84,87.86,37.0,3.9
25/04/2015,07:16:39,27.76,84.71,10.0,3.9
25/04/2015,07:37:26,28,85.08,12.0,3.9
25/04/2015,08:09:26,27.9,85.5,15.0,3.9
25/04/2015,08:45:28,28.07,85.22,12.0,3.9
25/04/2015,10:50:45,28.16,84.91,6.4,3.9
25/04/2015,12:39:56,27.5,85.99,28.7,3.9
25/04/2015,14:36:33,27.56,86.06,11.9,3.9
25/04/2015,14:51:22,28,85.07,8.1,3.9
25/04/2015,15:11:23,27.67,85.64,10.0,3.9
25/04/2015,15:17:16,27.87,85.49,17.9,3.9
25/04/2015,15:50:55,28.25,85.85,10.0,3.9
25/04/2015,20:23:31,28.22,85.81,13.6,3.9
25/04/2015,21:04:30,27.68,84.56,10.0,3.9
25/04/2015,21:50:08,27.76,85.51,10.0,3.9
25/04/2015,23:12:51,27.46,85.97,10.0,3.9
26/04/2015,02:02:07,27.52,85.32,10.0,3.9
26/04/2015,02:33:28,27.64,86.12,19.0,3.9
26/04/2015,04:40:16,28.15,84.88,10.2,3.9
26/04/2015,06:03:34,28.42,87.29,10.0,3.9
26/04/2015,06:16:12,27.78,85.5,10.0,3.9
26/04/2015,07:50:27,27.76,85.96,19.0,3.9
26/04/2015,08:58:53,27.75,85.97,19.0,3.9
26/04/2015,10:43:46,27.8,85.21,12.0,3.9
26/04/2015,12:34:41,27.55,85.74,10.0,3.9
26/04/2015,20:26:41,27.56,85.93,19.0,3.9
26/04/2015,22:30:37,27.54,85.68,12.9,3.9
26/04/2015,22:42:23,27.73,85.72,4.5,3.9
27/04/2015,01:15:52,27.56,85.83,19.0,3.9
27/04/2015,08:21:02,28.03,84.95,12.0,3.9
28/04/2015,00:16:24,27.68,85.65,10.0,3.9
28/04/2015,02:55:27,27.59,85.5,10.0,3.9
28/04/2015,11:18:06,27.79,85.84,19.0,3.9
28/04/2015,22:29:02,27.81,85.14,12.0,3.9
29/04/2015,04:06:07,27.78,85.97,19.0,3.9
01/05/2015,04:39:18,28.33,85.87,10.0,3.9
01/05/2015,07:32:00,28.45,87.36,35.0,3.9
01/05/2015,12:38:50,27.83,85.44,18.0,3.9
02/05/2015,03:47:05,27.81,85.31,18.0,3.9
02/05/2015,05:28:42,27.54,85.47,10.0,3.9
04/05/2015,12:17:14,27.67,85.94,19.0,3.9
05/05/2015,11:15:41,27.83,85.92,12.2,3.9
08/05/2015,06:04:07,27.61,85.77,19.0,3.9
08/05/2015,07:47:53,27.67,85.75,8.3,3.9
08/05/2015,21:23:28,27.97,85.06,12.0,3.9
12/05/2015,07:29:58,27.58,86.29,10.0,3.9
12/05/2015,08:41:14,27.61,85.64,10.0,3.9
12/05/2015,08:43:04,27.72,86.31,10.0,3.9
12/05/2015,08:51:33,27.52,86.12,19.0,3.9
12/05/2015,09:38:19,27.8,86.32,10.0,3.9
12/05/2015,10:31:01,27.55,85.89,19.0,3.9
12/05/2015,10:40:06,27.78,86.35,10.0,3.9
12/05/2015,10:53:24,27.73,86.2,19.0,3.9
12/05/2015,13:08:10,27.59,85.95,19.0,3.9
12/05/2015,13:58:58,27.49,86.14,19.0,3.9
12/05/2015,16:32:09,27.49,86.09,19.0,3.9
12/05/2015,18:49:03,27.47,86.16,10.0,3.9
12/05/2015,20:44:29,27.79,86.18,19.0,3.9
13/05/2015,04:48:04,27.78,86.15,16.8,3.9
13/05/2015,08:45:53,27.43,86.15,10.0,3.9
13/05/2015,12:59:28,28.34,85.42,10.0,3.9
13/05/2015,18:31:00,27.73,86.11,10.0,3.9
14/05/2015,03:07:10,27.59,85.95,19.0,3.9
14/05/2015,14:36:38,28.02,85.33,15.9,3.9
16/05/2015,00:46:07,28.01,84.66,10.0,3.9
16/05/2015,12:46:25,27.66,86.15,19.0,3.9
16/05/2015,14:59:45,27.52,86.13,19.0,3.9
16/05/2015,16:23:44,27.42,86.11,19.0,3.9
23/05/2015,16:41:13,27.89,85.5,15.4,3.9
24/05/2015,04:53:47,27.68,86.43,10.0,3.9
29/05/2015,06:45:31,27.82,84.75,7.5,3.9
12/06/2015,04:34:10,27.67,85.99,19.0,3.9
14/06/2015,07:47:47,28.15,85.77,18.8,3.9
21/06/2015,13:41:47,27.68,85.93,19.0,3.9
25/06/2015,15:22:17,27.68,85.19,10.0,3.9
01/07/2015,12:04:16,29.42,83.49,10.0,3.9
04/07/2015,19:42:22,27.49,85.58,10.0,3.9
07/07/2015,09:31:42,29.56,81.63,19.4,3.9
09/07/2015,20:05:42,28.76,87.67,35.0,3.9
22/07/2015,16:29:49,27.75,85.33,9.9,3.9
30/07/2015,14:33:51,27.54,86.04,8.8,3.9
05/08/2015,19:15:56,30.29,80.49,11.0,3.9
26/08/2015,19:06:15,27.73,85.43,35.0,3.9
01/09/2015,23:06:39,27.64,86.06,19.0,3.9
06/10/2015,12:02:40,27.73,86.12,10.0,3.9
18/11/2015,08:25:39,29.7,80.64,10.0,3.9
31/01/2016,04:39:48,29.72,84.41,10.0,3.9
09/04/2016,13:20:13,27.63,85.29,12.2,3.9
30/04/2016,06:43:13,29.46,81.26,10.0,3.9
21/05/2016,08:10:57,28.38,87.54,10.0,3.9
21/05/2016,10:35:37,28.44,87.57,10.0,3.9
22/05/2016,01:46:08,28.24,87.37,10.0,3.9
22/05/2016,02:55:42,28.46,87.4,10.0,3.9
22/05/2016,05:37:30,28.3,87.61,4.5,3.9
13/06/2016,23:27:45,27.88,84.59,35.0,3.9
29/06/2016,09:27:01,29.37,81.27,27.0,3.9
09/09/2016,09:10:50,30.03,82.71,35.0,3.9
07/10/2016,04:52:31,27.65,86.14,8.9,3.9
19/03/2017,22:38:42,27.97,87.07,18.0,3.9
24/04/2017,11:19:21,27.82,85.75,12.7,3.9
14/08/2017,06:08:57,28.93,81.61,33.0,3.9
24/08/2017,10:40:44,28.05,85.9,8.8,3.9
08/02/2018,10:51:58,30.18,87.96,10.0,3.9
01/03/2018,22:31:26,30.16,87.56,10.0,3.9
10/04/2018,23:52:50,30.04,87.18,10.0,3.9
16/06/2018,14:27:54,28.42,86.09,35.0,3.9
28/06/2018,00:30:51,30.18,87.49,10.0,3.9
24/08/2018,12:31:08,27.44,87.94,10.1,3.9
06/10/2018,15:07:22,28.77,81.45,33.0,3.9
23/12/2018,20:04:21,30.22,87.68,10.0,3.9
28/12/2018,07:57:38,30.25,87.92,10.0,3.9
14/04/2019,22:42:44,29.58,81.42,27.0,3.9
29/04/2019,18:32:36,29.47,85.52,10.0,3.9
25/05/2019,15:23:56,29.52,81.47,27.0,3.9
17/09/2019,04:08:11,28.24,84.47,4.1,3.9
26/10/2019,10:54:09,30.51,87.33,10.0,3.9
02/04/2020,15:09:57,29.43,80.93,17.0,3.9
15/04/2020,19:10:59,27.56,86.56,30.4,3.9
29/07/2020,20:54:27,28.34,88.17,17.2,3.9
11/01/2021,13:59:52,28.1,87.93,71.0,3.9
28/02/2021,06:18:46,28.41,87.83,10.0,3.9
04/05/2021,07:08:29,28.64,86.56,15.8,3.9
19/06/2021,20:01:42,29.64,84.19,22.5,3.9
02/07/2021,16:17:43,29.7,81.55,10.0,3.9
18/10/2021,09:35:35,27.86,85.79,8.8,3.9
26/02/2022,22:01:17,28.77,87.52,8.5,3.9
03/05/2022,15:14:38,28.75,87.62,10.0,3.9
19/10/2022,10:08:36,27.98,85.99,18.3,3.9
12/02/2023,22:45:06,27.86,87.81,76.3,3.9
02/05/1988,13:26:19,27.13,83.84,35.0,4.0
05/07/1993,21:52:37,27.96,85.07,18.9,4.0
30/12/1993,10:18:01,27.19,87.52,21.0,4.0
30/01/1995,03:06:56,29.07,82.04,40.0,4.0
20/04/1995,22:35:57,30.35,88.06,41.0,4.0
11/12/1995,09:49:30,28.54,87.96,35.0,4.0
10/05/1996,21:35:00,30.03,87.98,37.0,4.0
18/06/1996,01:29:39,30.3,86.98,35.0,4.0
03/07/1996,07:10:17,30.1,87.75,37.0,4.0
03/07/1996,10:49:52,30.09,88.08,35.0,4.0
08/07/1996,23:28:31,30.39,88.19,37.0,4.0
08/07/1996,23:57:57,30.21,88.15,37.0,4.0
31/07/1996,08:37:05,30.4,88.09,41.0,4.0
13/10/1996,06:44:39,28.5,86.83,50.0,4.0
05/01/1997,11:38:24,29.67,80.48,19.0,4.0
05/07/1997,06:22:55,28.89,87.04,35.0,4.0
13/09/1997,18:38:11,29.98,88.19,37.0,4.0
17/09/1997,01:22:14,29.6,83.57,35.0,4.0
26/11/1997,21:56:36,27.61,85.77,19.0,4.0
16/01/1998,18:06:44,30.04,86.19,35.0,4.0
16/05/1998,10:31:03,26.62,84.69,35.0,4.0
31/07/1998,17:50:22,28.14,87.82,71.0,4.0
24/08/1998,07:32:24,30.17,88.18,37.0,4.0
30/08/1998,03:49:46,30.08,88.04,3.1,4.0
03/09/1998,18:48:31,27.59,86.76,35.0,4.0
04/09/1998,00:36:20,27.66,86.73,35.0,4.0
02/10/1998,17:36:45,29.24,85.19,35.0,4.0
24/10/1998,13:19:51,30.34,88.18,23.4,4.0
25/12/1999,00:45:26,30.22,87.94,41.0,4.0
21/02/2000,18:21:40,28.48,86.57,57.0,4.0
13/03/2000,20:44:36,27.66,87.7,100.0,4.0
09/10/2000,01:21:12,29.32,81.7,31.0,4.0
27/10/2000,19:07:48,30.66,81.11,10.0,4.0
06/08/2001,06:23:33,28.03,87.78,63.9,4.0
10/12/2001,01:10:43,30.08,88.05,37.0,4.0
19/01/2002,21:42:04,29.07,80.78,35.0,4.0
31/01/2002,02:11:02,29.83,87.88,37.0,4.0
07/03/2002,15:50:21,29.71,84.35,77.8,4.0
26/03/2002,04:26:16,30.13,87.93,37.0,4.0
27/03/2002,07:46:48,29.87,88.05,37.0,4.0
29/03/2002,19:06:44,29.92,87.91,37.0,4.0
03/05/2002,13:55:46,30.96,86.55,26.0,4.0
25/07/2002,09:45:52,30.08,88.12,41.0,4.0
21/10/2002,01:59:05,29.84,84.43,10.0,4.0
17/11/2002,00:52:31,28.72,87.88,35.0,4.0
20/11/2002,23:27:57,29.47,81.53,27.0,4.0
08/01/2003,16:09:25,28.21,83.18,35.0,4.0
16/01/2003,14:04:34,29.93,88.05,37.0,4.0
20/01/2003,00:43:54,29.2,84.29,35.0,4.0
21/01/2003,17:09:28,29.86,88,37.0,4.0
22/01/2003,07:20:08,28.56,87.18,34.0,4.0
26/02/2003,23:40:52,29.92,87.8,37.0,4.0
18/05/2003,19:58:51,29.28,81.82,31.0,4.0
21/07/2003,06:39:56,30.73,86.04,35.0,4.0
24/09/2003,00:45:09,28.66,81.7,35.0,4.0
11/11/2003,07:16:33,29.99,86.5,35.0,4.0
14/11/2003,08:17:57,30.46,85.99,35.0,4.0
23/11/2003,19:15:05,28.37,83.8,24.2,4.0
18/02/2004,08:38:00,30.6,80.77,35.0,4.0
01/03/2004,17:58:55,30.69,80.44,11.0,4.0
26/06/2004,02:59:26,30.01,88.1,37.0,4.0
20/07/2004,03:35:50,28,85.87,11.7,4.0
25/08/2004,02:22:53,30.84,84.06,35.0,4.0
09/09/2004,05:55:47,29.36,80.43,19.2,4.0
07/04/2005,21:08:37,30.27,83.57,17.0,4.0
08/04/2005,04:16:38,30.17,83.61,17.0,4.0
29/05/2005,17:49:29,30.25,83.59,18.0,4.0
01/08/2005,20:00:30,29.66,80.73,17.0,4.0
30/10/2005,08:30:08,27.76,87.88,88.7,4.0
25/12/2005,18:08:06,28.67,86.18,35.0,4.0
05/05/2006,08:49:45,29.3,80.87,17.0,4.0
22/10/2006,04:08:15,30.67,83.56,18.0,4.0
27/10/2006,01:07:31,29.87,80.51,23.0,4.0
16/05/2007,07:17:30,27.29,87.74,20.0,4.0
05/11/2007,17:32:24,28.31,84.5,1.7,4.0
08/05/2008,08:11:58,28.1,87.68,89.9,4.0
25/08/2008,13:47:48,30.75,83.25,11.0,4.0
25/08/2008,14:14:43,30.64,83.39,18.0,4.0
25/08/2008,17:58:45,30.9,83.44,11.0,4.0
25/08/2008,18:15:24,30.68,83.33,18.0,4.0
25/08/2008,22:52:21,30.79,83.22,10.0,4.0
26/08/2008,01:38:12,30.73,83.24,10.0,4.0
26/08/2008,16:23:41,30.65,83.29,18.0,4.0
27/08/2008,03:24:01,30.77,83.28,11.0,4.0
28/08/2008,07:13:35,30.82,83.19,10.0,4.0
31/08/2008,17:14:16,30.68,83.3,18.0,4.0
07/09/2008,06:51:43,30.52,83.27,18.0,4.0
11/09/2008,04:52:24,30.78,83.3,11.0,4.0
19/09/2008,19:46:57,28.64,86.51,59.9,4.0
25/09/2008,01:55:58,30.77,83.46,11.0,4.0
25/09/2008,11:19:04,30.85,83.52,11.0,4.0
29/10/2008,11:58:16,30.4,83.58,18.0,4.0
04/12/2008,02:04:49,30.65,83.31,18.0,4.0
24/02/2009,15:23:32,28.73,86.51,68.8,4.0
22/11/2009,09:56:37,28.83,82.13,40.0,4.0
02/01/2010,05:00:53,30.6,83.74,18.0,4.0
09/03/2010,22:21:11,30.52,83.84,26.0,4.0
23/03/2010,10:53:24,30.53,83.85,26.0,4.0
13/06/2010,14:37:59,29.68,81.56,27.0,4.0
07/11/2010,10:53:16,30.72,84.35,35.0,4.0
08/11/2010,08:18:01,30.7,84.08,26.0,4.0
26/03/2011,08:23:02,27.64,86.62,10.0,4.0
23/06/2011,22:13:46,29.92,80.6,23.0,4.0
15/08/2011,16:48:05,27.29,86.26,15.9,4.0
12/11/2011,23:46:55,28.17,84.89,40.1,4.0
14/12/2011,20:20:57,27.68,88.09,82.4,4.0
19/03/2012,20:36:23,28.84,82.22,35.0,4.0
02/07/2012,01:47:49,29.93,87.96,37.0,4.0
28/08/2012,08:31:24,28.8,82,10.0,4.0
24/09/2012,06:52:37,30.93,84.28,35.0,4.0
29/12/2012,10:00:48,30.02,88.15,37.0,4.0
10/01/2013,15:16:12,30.04,80.47,23.0,4.0
21/02/2013,23:39:35,29.96,87.89,10.0,4.0
19/04/2013,06:35:48,27.46,87.97,10.0,4.0
14/05/2013,09:59:20,29.61,82.12,27.0,4.0
02/08/2013,20:42:37,30,87.96,37.0,4.0
07/06/2014,06:40:50,30.24,81.6,10.0,4.0
04/07/2014,05:58:37,27.76,87.99,20.0,4.0
03/08/2014,05:02:15,29.08,85.5,9.6,4.0
17/09/2014,10:29:14,27.8,87.91,49.3,4.0
01/10/2014,18:52:42,30.33,82.19,35.0,4.0
25/04/2015,06:30:50,27.77,85.35,18.0,4.0
25/04/2015,06:36:24,27.9,85.51,18.0,4.0
25/04/2015,07:03:19,27.5,86.03,19.0,4.0
25/04/2015,07:20:25,27.78,85.47,13.2,4.0
25/04/2015,07:22:55,27.84,85.85,10.0,4.0
25/04/2015,07:30:30,27.69,85.55,10.0,4.0
25/04/2015,07:34:55,27.84,85.49,18.0,4.0
25/04/2015,08:46:20,27.82,84.71,10.0,4.0
25/04/2015,09:38:51,28.23,84.51,10.0,4.0
25/04/2015,10:52:01,27.57,85.65,10.0,4.0
26/04/2015,00:32:41,27.81,84.95,12.0,4.0
26/04/2015,01:23:08,28.25,85.39,10.0,4.0
26/04/2015,04:50:30,28.01,85.39,18.0,4.0
26/04/2015,07:31:34,27.76,85.81,19.0,4.0
26/04/2015,08:10:39,27.82,85.84,19.0,4.0
26/04/2015,09:42:06,27.79,85.92,17.2,4.0
26/04/2015,18:06:34,27.86,85.51,18.0,4.0
27/04/2015,04:14:46,28.07,85.11,19.1,4.0
27/04/2015,14:42:39,27.72,85.67,13.2,4.0
27/04/2015,14:57:01,27.78,85.93,15.0,4.0
27/04/2015,15:34:47,27.58,85.71,10.0,4.0
27/04/2015,21:14:58,27.78,85.4,18.0,4.0
28/04/2015,19:34:57,27.52,85.69,10.0,4.0
29/04/2015,14:20:11,28.37,87.44,35.0,4.0
01/05/2015,14:42:31,27.9,85.77,10.0,4.0
01/05/2015,22:10:11,27.69,85.63,10.0,4.0
03/05/2015,02:22:20,28.04,87.54,10.0,4.0
04/05/2015,08:50:00,27.74,86.12,11.6,4.0
07/05/2015,20:34:46,27.92,85.6,18.0,4.0
10/05/2015,00:49:52,27.71,85.97,13.9,4.0
11/05/2015,03:20:37,27.89,85.58,18.0,4.0
12/05/2015,08:39:08,27.76,86.19,5.0,4.0
12/05/2015,09:44:38,27.61,85.83,19.0,4.0
12/05/2015,11:13:23,27.89,86.14,19.0,4.0
12/05/2015,13:10:41,27.86,85.9,19.0,4.0
12/05/2015,13:25:26,27.59,86.06,19.0,4.0
13/05/2015,02:23:11,27.6,86.16,15.5,4.0
13/05/2015,02:43:48,27.68,86.25,14.9,4.0
13/05/2015,05:35:52,27.82,85.49,18.0,4.0
14/05/2015,09:35:21,27.5,85.94,19.0,4.0
18/05/2015,12:42:09,27.97,84.74,10.0,4.0
21/05/2015,04:30:16,28.33,87.47,10.0,4.0
22/05/2015,13:04:07,27.81,85.8,19.0,4.0
27/05/2015,07:30:43,27.88,85.46,14.7,4.0
03/06/2015,07:52:35,27.71,85.83,13.9,4.0
07/06/2015,05:17:46,27.87,85.57,16.9,4.0
25/07/2015,08:47:47,27.91,86.34,35.0,4.0
14/08/2015,13:02:28,27.33,85.86,19.0,4.0
24/08/2015,06:53:43,28.35,87.31,10.0,4.0
05/10/2015,07:36:26,27.7,86.1,19.0,4.0
09/10/2015,01:01:21,28.96,86.5,10.0,4.0
27/11/2015,10:37:35,27.16,88.01,12.6,4.0
14/01/2016,00:03:52,29.46,87.87,10.0,4.0
28/01/2016,09:36:03,29.48,88.17,10.0,4.0
04/04/2016,04:31:24,27.61,86,11.3,4.0
16/04/2016,04:33:02,28.35,87.48,10.2,4.0
21/05/2016,07:59:00,28.28,87.41,14.7,4.0
23/05/2016,18:09:05,28.42,87.58,28.6,4.0
09/09/2016,11:59:46,30.19,82.61,35.0,4.0
21/09/2017,07:19:03,27.57,86.21,13.7,4.0
02/10/2017,01:22:05,28.8,82.26,14.5,4.0
21/11/2017,20:11:01,29.98,85.44,35.0,4.0
08/02/2018,20:56:29,30.28,87.62,10.0,4.0
28/02/2018,10:35:17,30.26,87.52,10.0,4.0
25/03/2018,04:44:22,28.59,86.67,57.0,4.0
18/04/2018,11:08:37,29.66,83.75,35.0,4.0
19/07/2018,15:30:28,28.24,87.35,10.0,4.0
06/10/2018,05:07:46,28.86,81.59,33.0,4.0
28/11/2018,06:28:17,30.25,87.55,10.0,4.0
23/12/2018,19:49:35,30.26,87.61,10.0,4.0
24/12/2018,18:40:40,30.26,87.53,10.0,4.0
06/02/2019,13:30:26,29.2,87.42,9.2,4.0
28/03/2019,23:11:01,28.66,87.15,4.6,4.0
15/06/2019,15:47:17,28.91,82.25,13.2,4.0
15/09/2019,05:09:28,30.16,81.96,21.0,4.0
31/10/2019,22:06:02,28.6,83.32,12.6,4.0
24/03/2020,23:39:28,28.67,87.34,7.4,4.0
17/08/2020,21:33:50,28.75,87.27,10.2,4.0
12/09/2021,14:56:16,27.62,86.09,13.0,4.0
25/09/2021,06:27:53,27.87,85.79,10.4,4.0
02/10/2021,14:13:57,27.83,85.79,13.8,4.0
08/12/2021,00:32:17,28.66,87.47,35.0,4.0
08/12/2021,04:23:20,28.78,87.46,10.0,4.0
13/01/2022,03:13:55,28.76,87.36,14.0,4.0
10/07/2022,14:04:40,29.6,80.77,17.0,4.0
26/02/2023,07:06:04,29.52,80.98,17.0,4.0
24/03/2023,04:06:22,29.53,81.79,21.5,4.0
13/03/1988,11:13:47,29.02,81.15,35.0,4.1
01/05/1991,03:57:27,29.43,82.26,21.4,4.1
08/01/1993,08:01:39,29.02,81.31,10.0,4.1
25/09/1994,00:59:04,27.99,87.17,50.0,4.1
27/01/1995,17:20:08,28.77,81.37,51.1,4.1
18/04/1995,19:47:47,30.23,88.13,37.0,4.1
30/09/1995,16:37:01,30.33,86.07,35.0,4.1
24/12/1995,19:02:06,27.47,86.14,17.2,4.1
18/02/1996,19:19:26,29.94,84,42.3,4.1
13/03/1996,01:03:12,30.03,88.04,37.0,4.1
14/05/1996,05:41:11,29.96,87.97,37.0,4.1
10/07/1996,17:41:38,29.11,81.52,33.0,4.1
12/07/1996,11:54:33,30.13,88.05,37.0,4.1
17/09/1996,19:03:23,30.04,81.68,35.0,4.1
08/11/1996,00:54:13,29.27,81.43,27.0,4.1
29/12/1996,21:51:33,29.58,81.52,27.0,4.1
01/02/1997,05:55:15,27.94,84.98,12.0,4.1
22/03/1997,21:16:07,29.89,88.02,37.0,4.1
11/10/1997,10:11:08,27.67,86.14,19.0,4.1
04/11/1997,04:03:10,28.84,85.34,35.0,4.1
27/11/1997,16:55:49,27.52,87.13,10.0,4.1
01/02/1998,17:32:48,28.3,87.14,10.0,4.1
15/03/1998,20:35:32,28.77,86.87,35.0,4.1
03/09/1998,18:22:19,27.93,87.09,18.0,4.1
04/09/1998,01:10:20,27.71,86.87,35.0,4.1
12/09/1998,05:08:49,27.98,87.11,11.1,4.1
21/09/1998,23:24:43,29.94,88.06,37.0,4.1
07/04/1999,06:57:01,29.55,81.03,17.0,4.1
06/09/2000,07:19:07,28.65,86.88,50.0,4.1
15/04/2001,08:36:34,29.25,81.49,27.0,4.1
16/07/2001,23:01:42,28.19,84.11,35.0,4.1
07/11/2001,04:58:08,30.21,85.6,45.4,4.1
30/11/2001,15:38:54,29.47,81.64,13.8,4.1
07/12/2001,04:50:42,29.52,80.86,17.0,4.1
02/05/2002,17:35:31,27.6,86.62,35.0,4.1
22/05/2002,19:28:16,29.32,81.97,31.0,4.1
29/10/2002,17:26:38,28.1,87.71,81.1,4.1
27/12/2002,03:28:36,29.9,88.09,37.0,4.1
03/04/2004,02:51:03,29.48,81.29,33.0,4.1
29/05/2004,12:22:16,28.46,82.74,35.0,4.1
25/06/2004,17:09:58,29.92,87.94,37.0,4.1
11/07/2004,23:24:04,30.68,83.72,18.0,4.1
16/07/2004,20:33:52,28.37,84.02,8.1,4.1
15/08/2004,05:00:58,28.67,84.66,10.0,4.1
25/08/2004,18:50:45,30.12,86,35.0,4.1
05/12/2004,13:04:42,30.52,81.26,36.0,4.1
07/04/2005,23:34:17,30.41,83.62,18.0,4.1
08/04/2005,07:02:41,30.3,83.58,18.0,4.1
19/02/2006,21:19:30,28.24,83.76,35.0,4.1
04/04/2006,08:23:06,27.89,85.79,19.4,4.1
02/08/2008,22:04:52,29.47,81.6,27.0,4.1
04/09/2008,15:52:11,30.73,83.3,11.0,4.1
03/11/2008,18:33:13,30.86,83.54,11.0,4.1
25/11/2008,21:50:50,30.58,83.45,18.0,4.1
23/01/2009,12:27:17,28.72,81.65,35.0,4.1
25/02/2009,14:11:13,30.92,83.67,11.0,4.1
18/03/2009,00:29:31,30.6,83.69,18.0,4.1
29/05/2009,21:28:15,30.81,86.65,26.0,4.1
15/03/2010,20:23:29,30.72,81.9,35.0,4.1
29/12/2010,18:39:11,30.88,86.73,26.0,4.1
30/05/2012,01:54:28,27.32,88.05,19.4,4.1
23/07/2012,00:15:11,29.76,87.85,37.0,4.1
27/06/2013,06:20:55,30.08,80.45,10.0,4.1
03/08/2014,05:46:22,29.23,85.49,10.0,4.1
25/04/2015,07:03:10,27.37,86.03,19.0,4.1
25/04/2015,09:28:01,28.04,85.26,17.9,4.1
25/04/2015,09:53:32,27.57,85.76,8.1,4.1
25/04/2015,10:10:33,28.19,84.7,8.2,4.1
25/04/2015,10:40:13,27.74,85.85,9.6,4.1
25/04/2015,11:05:01,27.91,85.53,11.0,4.1
25/04/2015,11:18:32,27.62,85.96,19.0,4.1
25/04/2015,11:41:50,28.08,85.23,22.9,4.1
25/04/2015,18:58:33,27.65,85.41,10.9,4.1
25/04/2015,23:55:46,27.51,85.74,10.0,4.1
26/04/2015,07:43:17,26.93,85.95,10.0,4.1
26/04/2015,10:34:47,27.83,85.54,18.0,4.1
27/04/2015,00:39:16,27.76,85.06,11.4,4.1
27/04/2015,13:17:45,27.88,84.7,10.0,4.1
27/04/2015,21:27:40,27.7,85.66,10.0,4.1
29/04/2015,17:16:13,28.17,84.77,7.7,4.1
02/05/2015,09:41:17,27.84,85.35,18.0,4.1
05/05/2015,10:38:47,27.65,86.01,18.0,4.1
12/05/2015,08:05:23,27.74,86.05,2.2,4.1
12/05/2015,08:34:23,27.86,85.87,14.3,4.1
12/05/2015,10:42:22,27.6,86.51,10.0,4.1
12/05/2015,15:28:20,27.7,86.38,17.3,4.1
12/05/2015,18:51:42,27.62,86.16,8.6,4.1
12/05/2015,19:34:58,27.62,86.1,10.7,4.1
13/05/2015,10:59:42,27.63,86.07,10.0,4.1
16/05/2015,03:50:21,27.5,85.17,10.0,4.1
27/05/2015,16:44:58,27.96,84.96,12.0,4.1
30/05/2015,16:28:19,27.76,85.08,12.4,4.1
29/06/2015,17:42:41,27.64,85.58,10.0,4.1
06/07/2015,15:29:08,27.94,85.67,18.0,4.1
10/07/2015,21:13:01,27.74,86.2,19.0,4.1
28/07/2015,03:36:15,27.74,85.79,19.0,4.1
06/10/2015,23:30:27,27.59,85.91,10.0,4.1
27/01/2016,14:57:44,27.67,85.74,10.0,4.1
31/01/2016,04:18:24,29.68,84.1,2.8,4.1
10/02/2016,16:27:39,27.7,85.64,13.0,4.1
13/03/2016,05:15:33,27.79,84.83,14.6,4.1
30/03/2016,12:26:40,27.84,85.7,12.5,4.1
09/05/2016,05:17:54,28.32,85.86,35.0,4.1
26/05/2016,09:29:24,28.48,87.47,9.1,4.1
07/07/2016,11:53:32,27.81,85.58,18.0,4.1
26/03/2017,22:54:47,30.46,83.85,10.0,4.1
15/07/2017,16:35:29,28.87,81.65,33.0,4.1
11/02/2018,13:12:23,30.34,87.58,10.0,4.1
22/10/2018,15:10:05,30.26,87.64,10.0,4.1
22/12/2018,23:21:54,27.78,85.68,14.6,4.1
30/04/2019,09:31:55,29.49,85.43,10.0,4.1
22/09/2019,16:16:58,28.19,84.37,9.2,4.1
12/12/2019,13:26:31,27.87,85.59,13.6,4.1
05/01/2020,13:14:00,30.01,85.54,3.2,4.1
08/11/2020,21:44:20,27.8,88.01,74.2,4.1
27/02/2021,20:03:44,28.95,86.63,10.0,4.1
15/10/2021,10:35:38,28.68,87.37,0.9,4.1
18/10/2021,08:11:57,27.86,85.77,15.5,4.1
18/09/2022,08:32:19,28.88,87.39,10.0,4.1
09/11/2022,23:27:59,28.94,81.03,10.0,4.1
23/12/2022,01:31:21,28.48,83.23,11.9,4.1
07/03/1978,10:22:00,29.19,81.32,33.0,4.2
05/05/1979,11:22:50,27.17,85.63,35.0,4.2
03/07/1979,16:56:54,27.77,84.31,35.0,4.2
12/01/1995,23:39:45,30.06,88.12,37.0,4.2
29/01/1995,20:52:22,26.63,86.07,56.9,4.2
04/02/1995,07:10:46,30.91,81.73,35.0,4.2
18/02/1995,13:09:28,27.83,85.77,14.9,4.2
16/03/1995,23:03:50,30.14,88.04,37.0,4.2
14/04/1995,07:36:13,29.94,87.96,37.0,4.2
07/08/1995,00:12:23,29.79,81.6,33.0,4.2
08/08/1995,19:09:59,30.08,81.72,33.0,4.2
07/02/1996,10:57:01,29.66,80.49,42.7,4.2
12/02/1996,09:32:10,28.14,87.96,71.0,4.2
11/05/1996,04:48:34,30.19,88.05,37.0,4.2
11/05/1996,07:27:14,30.1,88.13,37.0,4.2
03/07/1996,16:57:43,30.09,88.15,37.0,4.2
04/07/1996,03:38:26,30.25,88.1,37.0,4.2
05/07/1996,13:09:58,29.98,87.96,37.0,4.2
13/07/1996,13:19:46,30.11,88.05,37.0,4.2
07/04/1997,13:00:44,27.48,86.58,35.0,4.2
12/02/1998,02:40:28,26.94,87.91,36.0,4.2
20/07/1998,12:31:56,30.15,87.89,37.0,4.2
25/08/1998,12:43:07,30.02,88.19,45.9,4.2
03/09/1998,21:00:55,27.63,86.77,35.0,4.2
25/12/1998,10:44:42,30.22,86.29,35.0,4.2
28/05/1999,19:00:10,29.35,81.02,17.0,4.2
21/03/2002,13:03:21,29.97,87.96,37.0,4.2
02/04/2002,19:34:13,29.17,86.95,5.5,4.2
02/04/2002,19:57:22,29.28,87.05,35.0,4.2
02/06/2002,06:12:12,28.2,83.59,15.5,4.2
04/06/2002,15:27:11,30.52,81.41,36.0,4.2
05/06/2002,05:35:45,30.45,81.32,36.0,4.2
09/06/2002,16:17:15,30.44,81.39,36.0,4.2
16/06/2002,20:35:45,29.87,88.05,6.3,4.2
04/11/2002,10:59:35,28.51,82.15,35.0,4.2
16/12/2002,11:57:01,29.77,87.97,37.0,4.2
25/02/2003,01:46:32,28.51,87.6,10.0,4.2
21/03/2003,09:49:25,30.64,86.15,35.0,4.2
21/03/2003,12:25:11,29.72,80.67,23.0,4.2
01/07/2003,05:13:53,30.96,86.5,18.0,4.2
21/07/2003,04:39:54,30.6,86.07,35.0,4.2
28/07/2003,02:45:01,28.69,82.11,29.5,4.2
11/12/2003,14:44:07,30.45,80.53,11.0,4.2
18/02/2004,01:23:41,27.28,87.82,13.5,4.2
24/06/2004,10:03:31,29.84,87.9,37.0,4.2
08/07/2004,21:50:01,29.77,88.01,37.0,4.2
21/08/2004,09:07:09,29.94,88.09,10.0,4.2
21/08/2004,09:08:51,29.88,87.96,37.0,4.2
27/10/2004,00:28:47,30.75,81.22,7.0,4.2
08/02/2005,01:51:35,27.78,85.99,14.3,4.2
08/02/2005,04:13:56,27.7,86.07,17.7,4.2
19/03/2005,10:54:44,28.05,84.16,35.0,4.2
09/04/2005,09:20:26,30.25,83.55,18.0,4.2
20/07/2006,16:52:36,30.11,83.65,17.0,4.2
06/02/2007,21:39:00,27.93,87.8,73.8,4.2
02/03/2008,14:14:00,29.36,81.97,31.0,4.2
06/03/2008,14:25:43,28.44,87.76,35.0,4.2
01/04/2008,10:17:08,28.56,86.92,60.7,4.2
20/06/2008,18:05:57,27.9,85.71,12.1,4.2
27/08/2008,04:49:08,30.84,83.43,11.0,4.2
28/08/2008,07:42:14,30.53,83.23,35.0,4.2
29/08/2008,06:18:15,30.79,83.37,11.0,4.2
30/08/2008,02:09:57,30.91,83.41,11.0,4.2
15/09/2008,17:09:52,30.86,83.38,11.0,4.2
25/11/2008,21:51:28,30.78,83.65,11.0,4.2
30/10/2009,04:29:10,29.64,84.67,24.2,4.2
28/12/2009,02:15:06,30.63,83.81,26.0,4.2
19/02/2010,16:14:52,30.56,83.75,18.0,4.2
18/10/2010,04:26:54,28.54,85.62,75.0,4.2
25/11/2010,14:05:33,28.51,82.78,35.0,4.2
24/05/2011,12:51:59,30.05,85.45,35.0,4.2
26/02/2012,23:08:44,29.61,81,17.0,4.2
11/08/2012,15:44:41,28.55,86.88,58.9,4.2
08/12/2013,14:19:42,27.85,87.67,35.0,4.2
13/06/2014,16:16:25,29.35,86.24,10.0,4.2
22/01/2015,03:42:33,29.27,80.96,10.0,4.2
22/04/2015,01:29:11,28.84,82.34,22.8,4.2
25/04/2015,07:05:01,28.01,85.28,18.0,4.2
25/04/2015,07:33:48,27.72,85.15,14.2,4.2
25/04/2015,08:36:04,27.75,85.19,8.0,4.2
25/04/2015,09:43:02,28.05,85.06,25.5,4.2
25/04/2015,11:17:04,27.72,85.81,19.0,4.2
25/04/2015,12:01:12,27.88,85.84,19.7,4.2
25/04/2015,12:20:16,27.75,85.32,10.0,4.2
25/04/2015,13:29:31,27.69,85.64,10.0,4.2
25/04/2015,13:53:07,27.75,85.05,10.0,4.2
26/04/2015,03:21:37,27.52,85.54,15.0,4.2
26/04/2015,14:57:05,28.17,84.74,15.5,4.2
26/04/2015,18:54:51,28.03,84.96,22.8,4.2
26/04/2015,20:39:21,27.91,85.81,19.0,4.2
27/04/2015,15:51:45,27.66,85.22,11.1,4.2
29/04/2015,09:39:14,27.78,84.81,12.2,4.2
30/04/2015,00:37:11,27.92,84.8,10.3,4.2
02/05/2015,15:16:17,27.47,85.86,10.0,4.2
03/05/2015,11:35:11,27.73,85.04,13.2,4.2
03/05/2015,23:14:14,27.6,85.78,10.0,4.2
04/05/2015,14:19:03,27.78,85.88,10.0,4.2
11/05/2015,14:50:59,27.78,85.69,18.0,4.2
11/05/2015,14:52:39,27.69,85.78,9.6,4.2
12/05/2015,08:11:24,27.6,85.91,19.0,4.2
12/05/2015,08:35:35,27.63,86.17,7.7,4.2
12/05/2015,10:04:04,27.71,85.98,11.9,4.2
12/05/2015,11:06:33,27.59,86.21,7.9,4.2
12/05/2015,13:47:05,27.68,85.85,12.1,4.2
12/05/2015,16:55:24,27.67,85.91,19.0,4.2
12/05/2015,20:22:15,27.71,85.24,6.8,4.2
13/05/2015,09:52:28,27.61,86.11,19.0,4.2
14/05/2015,03:07:40,27.6,86.08,19.0,4.2
17/05/2015,05:45:39,27.5,85.83,22.3,4.2
19/05/2015,10:59:31,27.77,85.89,19.0,4.2
22/05/2015,11:45:48,27.45,86.01,19.0,4.2
22/05/2015,19:07:42,29.86,81.71,10.0,4.2
25/05/2015,10:45:56,28.57,87.32,2.0,4.2
11/06/2015,04:17:45,27.71,85.74,13.5,4.2
22/06/2015,07:34:32,27.64,86.28,10.0,4.2
29/06/2015,21:46:24,27.44,85.75,19.0,4.2
09/08/2015,22:30:25,28.16,84.72,5.7,4.2
17/08/2015,22:23:57,27.87,86.12,13.2,4.2
14/03/2016,21:27:33,27.79,85.58,18.0,4.2
12/04/2016,14:41:52,27.58,86.11,19.0,4.2
19/04/2016,17:22:17,28.44,87.93,50.0,4.2
02/07/2016,00:23:46,29.47,81.16,17.0,4.2
18/09/2016,17:14:14,27.81,85.7,7.0,4.2
24/04/2017,15:04:27,29.56,81.28,10.0,4.2
24/07/2018,02:45:31,27.69,84.84,12.6,4.2
01/08/2018,15:45:30,30.23,87.44,10.0,4.2
22/01/2019,16:45:14,27.13,86.93,12.2,4.2
07/02/2019,05:35:49,29.23,87.28,10.8,4.2
13/04/2019,20:36:21,28.62,86.53,57.0,4.2
09/08/2019,12:41:13,28.36,83.23,10.1,4.2
05/01/2020,13:16:49,30.18,85.45,7.6,4.2
12/01/2020,20:22:04,29.5,81.66,16.5,4.2
30/05/2020,15:51:37,27.93,84.86,4.5,4.2
25/08/2020,15:24:33,29.44,80.93,17.0,4.2
21/06/2021,10:06:50,29.28,87.11,10.0,4.2
14/12/2021,20:07:10,28.72,87.4,8.5,4.2
07/11/2022,23:07:25,28.86,86.56,33.7,4.2
27/12/2022,19:38:07,28.44,83.25,10.8,4.2
02/03/2023,08:12:55,28.3,87.36,1.3,4.2
23/05/2023,22:21:48,29.63,81.24,12.2,4.2
30/01/1990,15:06:26,28.71,85.54,47.0,4.3
01/06/1991,02:49:23,28.85,81.71,19.0,4.3
28/01/1992,14:17:36,29.27,81.61,10.0,4.3
22/10/1992,07:07:07,29.02,80.61,10.0,4.3
12/09/1993,08:03:35,30.83,83.58,11.0,4.3
16/09/1993,20:42:53,30.85,83.68,11.0,4.3
10/05/1994,05:29:55,29.24,83.95,35.0,4.3
25/06/1994,08:32:42,27.61,85.95,19.0,4.3
19/01/1995,06:33:16,28.36,83.37,10.4,4.3
16/03/1995,23:26:00,30.02,88.08,37.0,4.3
24/03/1995,08:12:48,28.33,87.21,105.0,4.3
17/05/1996,17:03:49,29.93,88.09,37.0,4.3
17/05/1996,17:05:42,30.16,88.11,37.0,4.3
03/07/1996,10:19:45,30.08,88.19,38.0,4.3
12/07/1996,02:09:19,30.06,88.07,37.0,4.3
13/07/1996,08:29:06,30.08,88.04,37.0,4.3
03/10/1996,01:29:06,28.18,87.42,51.7,4.3
04/11/1996,20:43:51,29.19,81.63,27.0,4.3
25/01/1997,20:08:30,30.12,88,37.0,4.3
31/01/1997,17:09:18,28.02,85.11,12.0,4.3
03/02/1997,10:38:14,27.82,85.09,18.6,4.3
28/02/1998,04:59:30,26.97,87.64,24.0,4.3
25/08/1998,15:16:00,30.09,88.17,5.3,4.3
01/02/1999,01:25:45,28.42,83.17,35.0,4.3
05/09/1999,02:28:24,27.99,87.41,100.0,4.3
03/10/1999,06:38:43,30.14,88.14,35.0,4.3
02/07/2001,15:24:52,30.53,86.67,35.0,4.3
13/09/2001,06:20:35,29.76,80.6,23.0,4.3
27/09/2001,22:40:13,26.86,87.74,32.5,4.3
31/03/2002,12:40:30,29.86,87.95,37.0,4.3
01/08/2002,15:17:16,29.88,88.11,8.6,4.3
11/10/2002,22:24:31,29.88,88.02,37.0,4.3
18/01/2003,10:31:50,28.59,82.08,35.0,4.3
26/02/2003,19:58:19,28.35,86.39,89.8,4.3
30/11/2003,12:56:57,28.79,88.11,35.0,4.3
10/04/2005,05:59:38,30.23,83.58,18.0,4.3
31/12/2006,21:36:55,28,87.96,61.9,4.3
15/02/2007,19:09:39,29.44,81.44,27.0,4.3
10/03/2007,13:25:49,29.34,81.29,27.0,4.3
16/05/2007,04:17:27,27.23,87.88,30.9,4.3
01/08/2007,15:17:56,29.14,82.15,37.6,4.3
03/08/2007,03:50:46,27.09,86.9,14.2,4.3
25/08/2008,15:34:32,30.67,83.36,11.0,4.3
26/08/2008,00:21:34,30.63,83.26,10.0,4.3
25/02/2010,14:06:19,29.7,81.66,33.0,4.3
13/02/2011,17:51:21,27.36,86.94,30.9,4.3
11/08/2011,22:01:26,29.94,86.77,35.0,4.3
30/12/2011,06:14:25,28.51,87.74,31.6,4.3
31/07/2012,11:50:53,28.58,82.36,25.3,4.3
31/07/2012,11:58:31,28.64,82.4,32.3,4.3
24/08/2012,03:55:51,28.28,82.58,23.5,4.3
09/06/2014,04:46:05,27.35,88.08,20.0,4.3
05/01/2015,19:41:44,28.93,81.66,33.0,4.3
25/04/2015,06:56:02,27.73,84.89,10.0,4.3
25/04/2015,07:23:38,27.81,85.89,7.5,4.3
25/04/2015,07:59:13,27.83,85.7,3.5,4.3
25/04/2015,08:49:09,27.75,85.03,12.9,4.3
25/04/2015,09:01:51,27.75,85.07,10.0,4.3
25/04/2015,09:33:21,27.93,85.7,6.9,4.3
25/04/2015,12:12:15,27.64,85.85,15.7,4.3
25/04/2015,20:07:02,28.04,84.64,15.9,4.3
25/04/2015,20:32:48,27.6,85.9,12.1,4.3
26/04/2015,08:22:13,27.92,85.86,19.0,4.3
26/04/2015,08:46:16,27.85,85.71,9.4,4.3
26/04/2015,14:44:50,27.62,85.91,20.8,4.3
27/04/2015,23:20:28,27.97,85.38,13.2,4.3
29/04/2015,17:16:34,27.75,85.54,18.0,4.3
02/05/2015,21:44:09,27.52,85.88,11.1,4.3
12/05/2015,07:33:10,27.71,86.03,19.0,4.3
12/05/2015,07:57:16,27.61,86.22,12.7,4.3
12/05/2015,08:59:39,27.73,86.26,10.4,4.3
12/05/2015,10:15:07,27.66,86.16,10.5,4.3
12/05/2015,10:41:31,27.65,86.24,4.9,4.3
12/05/2015,11:21:30,27.63,86.1,7.2,4.3
12/05/2015,13:43:17,27.7,85.84,9.2,4.3
16/05/2015,23:15:25,27.62,85.96,12.7,4.3
18/05/2015,22:49:50,27.5,85.85,19.0,4.3
27/05/2015,07:31:00,27.84,85.45,15.4,4.3
11/06/2015,19:37:06,28.04,84.73,13.2,4.3
17/06/2015,02:15:13,28.14,85.8,10.0,4.3
02/07/2015,01:56:12,27.88,85.52,18.4,4.3
22/09/2015,06:32:45,27.66,85.01,11.5,4.3
13/01/2016,23:15:48,29.54,88.05,35.0,4.3
11/05/2016,01:19:41,27.81,84.8,12.0,4.3
14/05/2016,22:45:54,27.8,85.46,18.0,4.3
23/05/2016,19:09:53,27.68,85.09,11.9,4.3
27/04/2017,02:10:13,29.22,86.06,17.1,4.3
06/10/2017,17:44:22,29.98,86.74,10.0,4.3
10/05/2018,20:01:52,28.44,87.48,14.9,4.3
07/11/2018,02:34:02,30.37,87.81,10.0,4.3
17/06/2019,17:58:19,28.34,87.19,84.2,4.3
27/08/2019,09:57:54,28.99,86.59,32.8,4.3
26/09/2019,13:04:20,28.2,84.51,3.2,4.3
12/01/2020,14:34:17,29.46,81.71,34.7,4.3
15/03/2020,15:00:17,28.22,83.66,11.2,4.3
24/07/2020,19:46:03,30.39,87.42,10.0,4.3
23/11/2020,13:41:43,28.62,87.33,3.6,4.3
09/02/2021,01:50:06,27.97,87.92,35.0,4.3
18/10/2021,08:01:37,27.88,85.79,12.0,4.3
06/01/2022,18:29:19,28.55,82.94,10.0,4.3
09/04/2022,18:38:37,28.79,86.52,14.4,4.3
05/08/2022,23:41:06,27.8,85.08,7.0,4.3
18/12/2022,17:08:29,28.21,85.05,51.8,4.3
20/06/1977,22:04:06,30.87,83.1,10.0,4.4
01/01/1978,11:25:51,30.07,81.64,33.0,4.4
04/02/1978,21:30:16,29.13,81.2,35.0,4.4
23/10/1978,14:36:48,28.8,86.89,10.0,4.4
02/09/1988,06:35:35,26.67,86.44,42.0,4.4
14/11/1988,09:03:11,30.07,82.13,100.0,4.4
02/12/1988,16:59:14,29.45,81.4,27.0,4.4
28/10/1990,17:14:52,30.43,81.52,36.0,4.4
12/04/1993,00:57:59,28.37,82.85,35.0,4.4
02/02/1995,10:40:36,30.09,88.01,37.0,4.4
28/07/1995,07:57:24,30.78,86.34,26.0,4.4
04/10/1995,14:39:55,28.19,84.28,35.0,4.4
27/10/1995,11:33:23,28.65,83.51,31.2,4.4
25/01/1996,07:15:14,28.49,86.84,34.0,4.4
10/05/1996,04:26:52,30.05,88.1,37.0,4.4
05/04/1997,17:31:52,30.05,86.05,35.0,4.4
18/09/1997,07:37:10,28.69,88.12,35.0,4.4
01/12/1999,13:56:45,29.95,81.41,33.0,4.4
20/01/2000,12:54:24,27.86,85.76,24.1,4.4
29/05/2000,03:06:12,30.94,87.13,35.0,4.4
27/11/2001,08:46:19,29.51,81.68,19.1,4.4
09/05/2002,01:09:23,29.85,87.93,37.0,4.4
22/08/2002,04:50:16,29.88,88.14,37.0,4.4
27/09/2002,09:51:10,30.05,88.04,37.0,4.4
30/12/2002,16:46:27,30.65,86.18,35.0,4.4
03/06/2003,03:33:34,30.73,86.16,35.0,4.4
23/06/2003,12:30:54,27.72,88.05,78.8,4.4
20/08/2003,03:34:59,30.1,82.26,80.9,4.4
10/12/2003,17:17:39,30.48,83.37,40.2,4.4
30/06/2004,15:33:06,29.9,87.98,37.0,4.4
12/09/2004,08:48:06,29.34,81.43,27.0,4.4
15/01/2005,22:32:48,29.41,80.96,17.0,4.4
11/05/2005,04:13:07,30.61,85.09,35.0,4.4
22/05/2005,14:17:31,30.19,83.68,17.0,4.4
29/10/2005,23:32:06,29.36,81.54,27.0,4.4
21/02/2006,10:59:11,29.26,81.4,27.0,4.4
25/08/2008,14:59:53,30.85,83.45,11.0,4.4
27/08/2008,01:35:32,30.96,83.44,11.0,4.4
29/08/2008,03:52:20,30.68,83.26,18.0,4.4
10/09/2008,16:05:27,30.71,83.33,11.0,4.4
14/11/2008,16:39:58,30.34,83.68,18.0,4.4
16/12/2009,06:12:59,29.41,81.48,27.0,4.4
28/07/2012,05:48:07,29.85,80.59,23.0,4.4
25/11/2014,15:49:05,28.11,84.83,11.5,4.4
25/04/2015,06:29:48,27.91,85.27,23.0,4.4
25/04/2015,07:03:51,28.06,84.89,15.4,4.4
25/04/2015,07:05:27,27.92,85.54,10.0,4.4
25/04/2015,07:40:02,27.83,85.47,18.0,4.4
25/04/2015,07:55:44,27.86,85.5,13.5,4.4
25/04/2015,08:31:33,27.75,85.92,12.9,4.4
25/04/2015,10:23:17,27.77,85.75,8.2,4.4
25/04/2015,12:17:55,27.93,85.42,13.2,4.4
26/04/2015,02:48:38,28.14,84.59,13.3,4.4
26/04/2015,04:58:40,28.05,84.86,12.6,4.4
26/04/2015,13:11:15,27.81,85.53,13.1,4.4
29/04/2015,22:10:56,28.39,87.3,35.0,4.4
04/05/2015,01:15:08,27.47,85.91,19.0,4.4
12/05/2015,07:16:43,27.44,86.1,19.0,4.4
12/05/2015,07:48:34,27.68,86.31,10.0,4.4
12/05/2015,10:35:40,27.62,86.06,14.7,4.4
12/05/2015,11:58:13,27.58,85.83,19.0,4.4
12/05/2015,12:28:22,27.58,85.96,6.3,4.4
13/05/2015,06:37:29,27.67,86.09,10.6,4.4
24/05/2015,21:38:40,28.01,84.66,13.1,4.4
26/05/2015,17:07:13,28.01,85.16,15.7,4.4
17/06/2015,00:29:57,27.67,85.39,10.0,4.4
01/08/2015,12:14:24,28.7,87.72,11.6,4.4
29/09/2015,10:54:41,27.77,85.83,15.4,4.4
05/10/2015,07:33:21,27.62,86.07,11.9,4.4
22/05/2016,04:49:44,28.4,87.45,15.0,4.4
21/08/2017,12:03:13,27.58,86.18,10.9,4.4
22/08/2017,00:50:36,29.36,81.15,17.0,4.4
06/11/2017,03:09:04,29.59,81.21,14.2,4.4
07/11/2017,19:06:41,30.15,87.46,10.0,4.4
20/06/2018,04:08:58,27.31,87.84,16.2,4.4
05/10/2018,07:08:14,28.82,81.57,33.0,4.4
05/10/2018,07:15:05,28.78,81.7,10.0,4.4
23/12/2018,19:35:28,30.12,87.72,10.0,4.4
23/12/2018,19:36:56,30.09,87.44,10.0,4.4
12/04/2019,09:27:50,30.17,87.52,10.0,4.4
16/09/2019,14:33:26,29.58,80.66,19.0,4.4
27/11/2019,00:18:32,28.09,87.88,79.6,4.4
21/11/2020,21:49:23,29.97,88.04,37.0,4.4
19/05/2021,16:54:29,28.21,84.39,10.7,4.4
29/12/2021,19:08:17,29.87,80.52,5.3,4.4
30/10/2022,03:41:50,29.46,81.01,12.8,4.4
27/04/2023,18:13:54,29.61,81.56,24.3,4.4
06/05/2023,08:01:01,28.62,86.68,50.1,4.4
04/04/1973,17:53:06,30.81,83.47,11.0,4.5
13/03/1974,06:47:50,29.23,81.27,27.0,4.5
06/05/1974,01:07:02,29.23,81.57,33.0,4.5
27/09/1975,19:46:40,30.39,85.78,35.0,4.5
19/02/1978,04:52:29,29.37,85.1,10.0,4.5
13/08/1978,22:28:02,27.94,85.16,12.0,4.5
01/01/1979,21:52:48,28.31,82.82,35.0,4.5
20/08/1980,01:05:53,29.32,80.93,17.0,4.5
29/05/1982,20:29:50,28.54,83.28,35.0,4.5
25/01/1984,23:49:47,27.53,85.99,19.0,4.5
15/02/1985,04:54:43,29.86,81.51,33.0,4.5
15/12/1985,11:45:32,30.75,86.28,26.0,4.5
23/12/1985,13:49:45,27.62,85.72,35.0,4.5
24/02/1987,22:17:02,29.33,81.58,27.0,4.5
23/01/1988,15:37:30,29.5,81.62,27.0,4.5
09/04/1988,12:57:57,29.68,86.9,35.0,4.5
21/09/1988,13:51:14,28.64,85.53,47.0,4.5
27/12/1988,02:56:04,27.9,87.84,71.0,4.5
14/10/1990,16:13:16,29.28,81.72,27.0,4.5
09/08/1992,22:34:49,28.64,86.5,57.0,4.5
21/03/1993,03:31:17,29.04,87.58,10.0,4.5
12/12/1994,10:41:36,29.58,80.59,19.0,4.5
01/01/1995,19:56:15,27.91,87.72,68.0,4.5
28/06/1995,21:46:51,30.91,86.63,10.9,4.5
03/08/1995,03:05:47,29.88,81.59,38.9,4.5
18/07/1996,10:25:05,30.29,88.18,37.0,4.5
22/07/1996,15:54:09,30.18,88.06,37.0,4.5
03/03/1997,09:29:41,27.16,86.15,43.9,4.5
24/03/1997,21:28:04,27.87,85.04,12.0,4.5
22/02/1998,22:47:46,30.22,88.11,41.0,4.5
20/07/1998,01:31:17,30.05,88.18,13.9,4.5
03/09/1998,23:02:30,27.59,86.76,35.0,4.5
12/04/2001,22:08:53,29.91,88.03,37.0,4.5
04/06/2002,14:47:18,30.45,81.4,36.0,4.5
04/06/2002,17:27:06,30.47,81.4,10.0,4.5
06/06/2002,01:35:54,30.39,81.32,36.0,4.5
09/07/2002,03:08:07,29.97,88.01,35.0,4.5
03/05/2003,17:43:08,30.39,81.3,36.0,4.5
29/09/2003,13:40:30,27.29,87.81,20.0,4.5
10/11/2004,04:21:13,28.01,87.74,71.0,4.5
14/06/2005,14:23:18,27.28,87.9,35.0,4.5
12/12/2005,17:34:13,29.29,82.02,31.0,4.5
27/08/2008,02:04:39,30.69,83.46,18.0,4.5
30/08/2008,21:31:13,30.81,83.46,11.0,4.5
01/09/2008,11:24:02,30.9,83.52,11.0,4.5
25/09/2008,20:17:25,30.78,83.58,11.0,4.5
13/06/2010,14:31:50,29.45,81.43,16.5,4.5
05/11/2012,13:07:59,28.35,86.2,74.9,4.5
06/04/2013,18:36:45,30.06,88.13,49.5,4.5
15/07/2013,19:39:43,28.39,87.65,52.0,4.5
15/09/2013,22:27:56,30.91,83.23,10.0,4.5
02/04/2015,00:56:41,28.75,86.38,80.5,4.5
25/04/2015,06:26:15,27.17,85.43,10.0,4.5
25/04/2015,06:26:59,26.63,83.97,10.0,4.5
25/04/2015,06:44:39,27.55,85.5,15.1,4.5
25/04/2015,07:39:33,27.69,85.69,11.5,4.5
25/04/2015,08:22:47,27.85,85.55,12.6,4.5
25/04/2015,09:22:38,27.73,85.76,19.0,4.5
25/04/2015,10:53:44,27.79,85.86,13.4,4.5
25/04/2015,11:23:49,27.85,85.56,18.0,4.5
25/04/2015,13:30:28,28.1,85.18,12.0,4.5
25/04/2015,14:10:03,27.66,85.87,10.5,4.5
25/04/2015,17:46:13,28.23,85.87,8.6,4.5
25/04/2015,23:41:53,27.58,86.01,14.9,4.5
26/04/2015,07:36:27,27.62,85.97,22.5,4.5
26/04/2015,08:40:56,27.71,85.9,16.2,4.5
26/04/2015,22:32:34,27.49,85.67,9.0,4.5
29/04/2015,11:27:46,27.83,85.46,18.6,4.5
12/05/2015,09:02:10,27.77,86.09,15.7,4.5
12/05/2015,19:37:41,27.65,86.13,10.7,4.5
20/05/2015,09:02:32,27.35,85.11,10.0,4.5
03/07/2015,20:04:07,27.65,84.93,10.0,4.5
15/08/2015,05:42:21,27.32,87.96,23.0,4.5
30/08/2015,13:17:34,27.62,85.67,14.0,4.5
12/10/2015,15:39:07,29.04,86.31,11.9,4.5
24/11/2015,12:24:15,28.07,84.75,12.0,4.5
21/01/2016,19:22:42,28.04,85.02,14.5,4.5
11/05/2016,08:52:46,27.96,84.59,15.6,4.5
22/05/2016,01:32:30,28.42,87.48,4.6,4.5
27/06/2016,14:53:03,28.67,87.44,32.2,4.5
27/02/2017,04:21:40,27.35,86.07,13.4,4.5
20/06/2018,04:15:21,27.25,87.88,13.9,4.5
11/11/2018,07:07:30,29.83,80.63,10.8,4.5
11/05/2019,18:51:00,28.84,81.62,26.9,4.5
25/05/2019,05:17:26,27.59,86.38,27.4,4.5
27/11/2019,16:23:30,27.69,85.74,10.2,4.5
23/08/2020,17:07:43,30.38,87.48,10.0,4.5
11/09/2020,03:45:52,27.31,87.81,8.2,4.5
02/02/2021,16:14:11,28.86,84.07,20.9,4.5
16/03/2021,13:16:08,30.11,86.36,10.0,4.5
25/05/2021,20:46:05,29.11,86.45,2.7,4.5
25/07/2022,00:22:11,27.93,85.45,16.9,4.5
08/04/2023,14:44:46,28.81,86.68,35.3,4.5
05/10/1966,07:57:20,29.37,81.12,17.0,4.6
20/09/1977,05:51:37,29.5,80.94,17.0,4.6
29/07/1980,18:44:23,29.42,80.93,17.0,4.6
29/07/1980,21:57:37,29.08,81.14,35.0,4.6
31/07/1980,14:22:01,29.41,80.82,17.0,4.6
09/04/1981,17:19:33,28.03,84.63,35.0,4.6
09/09/1982,12:05:31,28.59,81.27,10.0,4.6
23/08/1983,22:43:08,28.1,84.92,12.0,4.6
23/11/1984,06:14:18,29.54,81.56,27.0,4.6
13/09/1985,05:33:09,29.58,84.01,35.0,4.6
21/10/1985,08:57:10,28.88,83.91,35.0,4.6
28/02/1986,20:51:21,29.14,81.65,33.0,4.6
12/02/1988,01:41:16,30.35,82.9,35.0,4.6
09/02/1990,15:51:22,29.76,80.64,23.0,4.6
20/05/1990,09:12:28,28.37,83.21,35.0,4.6
20/05/1990,18:01:55,28.32,83.2,35.0,4.6
30/01/1992,05:55:47,29.3,81.1,17.0,4.6
01/04/1992,13:41:04,27.41,86.95,35.0,4.6
25/03/1993,20:16:55,29.68,80.51,19.0,4.6
05/09/1993,06:05:55,27.42,87.2,29.0,4.6
13/09/1993,03:04:54,30.83,83.66,10.6,4.6
15/07/1998,04:35:59,29.29,81.17,13.7,4.6
06/09/1998,21:35:50,27.8,86.83,22.2,4.6
01/12/1998,05:35:14,27.89,87.63,70.1,4.6
16/11/1999,11:41:36,30.5,82.91,35.0,4.6
26/02/2000,04:04:35,28.46,82.2,27.2,4.6
03/04/2001,23:08:35,27.71,86.01,19.3,4.6
29/04/2001,10:39:06,28.68,87.15,34.0,4.6
30/11/2001,21:46:04,29.45,81.66,14.8,4.6
23/03/2002,04:56:28,29.95,88.04,37.0,4.6
06/08/2002,23:30:02,29.94,88.03,37.0,4.6
06/01/2004,03:13:27,30.69,86.15,35.0,4.6
12/07/2004,14:38:22,30.61,83.81,22.4,4.6
06/03/2005,03:22:38,30.47,83.72,18.0,4.6
26/09/2006,04:04:22,29.77,80.54,23.0,4.6
18/05/2007,12:40:04,27.21,88.17,39.0,4.6
29/10/2007,09:49:20,27.92,85.41,18.0,4.6
27/08/2008,19:28:20,30.67,83.38,18.0,4.6
17/11/2008,23:52:18,29.18,88.15,10.0,4.6
18/02/2009,10:11:42,30.6,83.73,26.0,4.6
06/06/2009,09:44:36,30.91,86.18,8.8,4.6
10/07/2010,10:15:45,29.31,86.95,42.3,4.6
04/05/2011,20:57:18,30.21,80.41,23.0,4.6
27/05/2012,20:50:20,30.66,83.45,18.0,4.6
09/08/2012,13:12:04,28.44,86.79,67.1,4.6
11/11/2012,18:39:22,29.4,81.44,27.0,4.6
25/04/2015,06:25:34,27.33,85.34,10.0,4.6
25/04/2015,07:13:45,27.71,85.7,10.0,4.6
25/04/2015,08:05:37,27.73,85.77,6.8,4.6
25/04/2015,13:36:15,27.66,85.99,16.7,4.6
20/06/2015,12:23:04,28.5,82.72,10.0,4.6
28/06/2015,23:57:13,27.49,86.07,24.3,4.6
15/08/2015,18:11:40,27.65,85.97,22.8,4.6
09/02/2016,02:29:00,30.73,86.36,10.0,4.6
24/02/2016,09:22:17,27.71,85.68,17.7,4.6
28/05/2016,09:39:11,27.86,85.47,18.2,4.6
29/06/2016,09:10:29,29.46,81.16,17.0,4.6
26/02/2017,18:48:46,30.19,83.55,18.2,4.6
15/07/2017,16:56:13,30.59,82.69,10.0,4.6
20/01/2019,15:06:38,30.33,87.67,10.0,4.6
24/04/2019,00:44:29,27.73,85.13,17.6,4.6
26/05/2019,01:44:55,30.33,87.62,10.0,4.6
28/11/2019,01:40:03,30.53,84.39,10.0,4.6
18/10/2021,10:32:13,28.64,87.3,9.6,4.6
22/06/2022,22:11:46,28.31,83.81,14.1,4.6
27/12/2022,20:22:02,28.56,83.25,14.2,4.6
24/10/1971,08:59:05,28.15,87.19,35.0,4.7
12/09/1976,15:36:12,27.64,85.84,19.0,4.7
28/02/1978,17:26:02,29.27,80.65,19.0,4.7
25/12/1978,20:00:03,28.11,84.17,35.0,4.7
04/08/1980,16:52:39,29.36,80.91,17.0,4.7
03/08/1982,08:03:30,27.83,85.74,18.0,4.7
09/09/1982,12:29:01,28.69,82.05,35.0,4.7
21/12/1982,13:13:46,29.26,81.5,27.0,4.7
06/01/1984,23:48:07,27.91,84.8,12.0,4.7
19/05/1984,06:36:25,29.18,81.79,40.0,4.7
30/05/1984,22:27:27,28.73,83.97,35.0,4.7
15/09/1984,10:15:22,29.53,81.52,25.7,4.7
05/12/1984,14:14:15,27.31,81.69,10.0,4.7
18/12/1984,22:46:57,29.41,80.75,17.0,4.7
06/01/1986,09:50:43,27.8,85.3,31.5,4.7
10/05/1987,05:10:43,28.56,87.1,35.0,4.7
24/08/1988,09:55:34,26.69,86.61,10.0,4.7
29/08/1988,12:12:16,26.51,87.69,10.0,4.7
15/12/1988,23:14:17,29.23,81.78,31.0,4.7
10/01/1990,23:01:22,26.61,86.72,42.0,4.7
20/05/1990,09:10:04,28.42,83.34,35.0,4.7
09/11/1990,16:50:46,30.72,86.23,26.0,4.7
15/03/1991,04:28:16,28.36,87.56,35.0,4.7
13/06/1992,15:40:07,28.83,82.85,35.0,4.7
03/07/1993,02:00:23,28.52,86.81,34.0,4.7
14/12/1993,02:27:47,28.27,86.69,57.0,4.7
31/01/1994,08:38:47,29.43,81.77,27.0,4.7
25/05/1994,07:38:50,27.75,87.93,20.0,4.7
29/03/1995,19:11:13,28.42,86.45,35.0,4.7
17/04/1995,17:34:34,29.57,81.49,21.3,4.7
25/11/1995,20:49:17,30.86,86.69,19.5,4.7
19/03/1999,05:53:39,27.71,85.61,10.0,4.7
08/10/2000,06:14:57,30.31,88.18,22.6,4.7
26/10/2000,15:22:35,29.23,81.92,24.4,4.7
05/11/2002,23:39:44,30.91,86.69,26.0,4.7
23/07/2004,01:25:34,29.98,88.06,25.2,4.7
15/06/2008,03:27:14,29.44,81,21.3,4.7
25/08/2008,20:40:44,30.92,83.55,12.0,4.7
10/09/2008,01:16:46,30.75,83.41,11.0,4.7
18/11/2008,05:29:20,30.32,83.73,18.0,4.7
02/12/2008,05:11:41,27.3,87.97,20.0,4.7
29/09/2009,06:01:14,30.91,83.42,14.2,4.7
01/01/2010,02:22:26,30.61,83.78,26.0,4.7
03/07/2012,19:11:42,29.95,88.08,22.5,4.7
02/01/2013,17:42:17,29.38,81.14,17.0,4.7
25/04/2015,06:32:48,27.68,85.78,10.0,4.7
25/04/2015,07:16:55,27.82,85.64,12.0,4.7
25/04/2015,08:20:12,27.81,85.81,17.2,4.7
25/04/2015,09:03:16,27.89,85.38,17.7,4.7
25/04/2015,10:40:36,27.59,85.85,19.0,4.7
25/04/2015,21:07:17,27.74,85.75,7.9,4.7
27/04/2015,18:59:55,27.98,84.8,12.8,4.7
12/05/2015,07:20:49,27.62,86.18,11.4,4.7
12/05/2015,07:22:17,27.65,86.19,19.0,4.7
12/05/2015,08:24:23,27.67,86.04,11.9,4.7
12/05/2015,17:28:40,27.48,86.14,19.0,4.7
13/05/2015,06:26:07,27.66,86.17,15.5,4.7
13/05/2015,06:53:00,27.71,86.17,11.1,4.7
16/05/2015,03:39:26,27.59,85.76,8.2,4.7
22/05/2015,10:59:34,28,85.02,19.1,4.7
13/06/2015,01:18:30,27.6,86.02,17.9,4.7
04/01/2017,14:12:51,30.58,83.75,1.3,4.7
27/02/2017,03:37:46,27.32,86.06,15.3,4.7
02/07/2017,01:58:27,27.2,86.32,13.8,4.7
05/06/2018,01:34:36,29.58,81.62,13.1,4.7
28/06/2018,04:07:47,27.82,84.83,15.3,4.7
22/10/2018,16:49:34,30.28,87.6,10.0,4.7
31/10/2018,01:49:28,30.27,87.54,10.0,4.7
17/05/2019,08:23:37,27.84,84.83,12.8,4.7
26/05/2019,02:09:26,30.26,87.53,10.0,4.7
19/08/2022,19:42:45,28.08,81.27,35.0,4.7
08/11/2022,15:22:39,29.37,81.32,27.0,4.7
22/02/2023,08:00:22,29.51,81.65,23.1,4.7
01/04/2023,05:42:21,27.78,86.21,13.9,4.7
01/02/1964,11:28:19,27.36,87.71,21.0,4.8
25/06/1966,12:05:04,30.23,82.04,35.0,4.8
18/12/1966,22:42:38,29.55,80.74,17.0,4.8
28/10/1968,17:48:29,27.61,86.09,19.0,4.8
26/02/1970,23:21:20,27.19,85.78,10.0,4.8
21/08/1972,14:04:34,27.41,87.95,20.0,4.8
06/02/1975,06:39:50,27.79,87.49,68.0,4.8
10/09/1981,03:47:06,29.32,81.11,17.0,4.8
21/12/1982,12:08:48,29.24,81.49,33.0,4.8
27/01/1983,04:45:41,29.03,81.33,33.0,4.8
30/01/1985,22:02:12,30.93,85.44,31.6,4.8
06/05/1985,20:59:46,28.49,82.37,35.0,4.8
23/04/1987,09:05:54,27.97,87,18.0,4.8
11/04/1988,12:11:29,27.53,85.89,19.0,4.8
25/04/1988,16:04:02,26.94,86.6,35.0,4.8
10/10/1989,04:10:56,28.29,87.48,35.0,4.8
21/02/1990,07:21:16,27.69,82.47,35.0,4.8
09/11/1990,19:13:43,30.84,86.27,26.0,4.8
05/07/1993,22:11:09,27.98,85.09,14.4,4.8
17/04/1995,01:32:46,29.54,81.52,23.1,4.8
10/05/1996,09:07:00,29.93,88.11,10.1,4.8
11/05/1996,03:58:48,29.96,88.09,12.2,4.8
24/10/1997,12:06:53,28.5,82.32,35.0,4.8
30/08/1998,03:37:50,30.02,88.17,30.4,4.8
18/12/2001,02:22:01,29.53,81.72,30.8,4.8
27/02/2004,12:53:15,28.22,87.56,78.5,4.8
16/01/2005,08:43:47,29.57,80.64,19.0,4.8
26/03/2005,20:32:10,28.25,87.89,54.7,4.8
28/08/2005,13:14:06,27.59,87.38,23.2,4.8
25/10/2005,01:51:24,30.08,81.09,35.0,4.8
06/11/2005,01:36:52,29.73,81.8,21.0,4.8
19/09/2006,06:56:44,29.51,81.49,27.0,4.8
25/08/2008,19:13:54,30.67,83.34,22.8,4.8
29/08/2008,09:43:16,30.71,83.33,15.1,4.8
15/03/2010,20:17:16,30.51,81.89,13.8,4.8
29/12/2010,19:01:29,30.8,86.41,15.0,4.8
03/06/2011,00:53:25,27.45,87.84,30.2,4.8
09/06/2012,07:54:10,28.29,84.09,18.9,4.8
22/07/2012,16:44:21,29.91,87.93,32.0,4.8
06/03/2013,16:49:47,28.66,82.23,16.2,4.8
30/08/2013,17:48:43,28.22,85.98,62.0,4.8
26/12/2014,07:08:10,28.43,87.44,73.1,4.8
31/01/2015,13:59:42,28.28,84.01,10.0,4.8
25/04/2015,06:23:29,27.83,85.29,18.0,4.8
25/04/2015,06:28:05,27.8,85.57,10.7,4.8
25/04/2015,07:08:02,27.82,85.92,26.5,4.8
25/04/2015,16:27:22,27.89,85.65,13.5,4.8
26/04/2015,07:26:05,27.69,85.88,17.2,4.8
02/05/2015,05:35:46,28.2,84.67,15.8,4.8
08/05/2015,00:32:34,27.55,85.93,14.3,4.8
12/05/2015,07:22:30,27.8,86.38,10.0,4.8
12/05/2015,07:43:17,27.67,86.23,13.7,4.8
12/05/2015,07:47:46,27.53,86.03,10.8,4.8
15/05/2015,01:42:42,27.82,84.74,13.4,4.8
29/05/2015,09:59:59,27.96,84.9,4.5,4.8
11/06/2015,16:12:18,27.81,85.61,19.1,4.8
09/10/2015,20:29:56,28.83,86.42,11.9,4.8
10/09/2016,00:46:15,30.08,82.56,15.0,4.8
01/03/2018,17:27:16,30.21,87.51,9.0,4.8
12/05/2020,18:08:36,27.59,86.07,3.3,4.8
19/05/2021,02:41:38,28.2,84.35,10.8,4.8
19/10/2022,09:22:39,27.95,86.01,17.9,4.8
28/06/1966,15:43:38,29.47,80.84,17.0,4.9
05/11/1966,18:53:05,28.26,83.78,35.0,4.9
05/12/1969,18:45:15,29,80.99,35.0,4.9
09/04/1975,03:28:32,30.8,84.96,35.0,4.9
24/06/1975,15:38:26,27.65,87.52,10.0,4.9
21/11/1975,13:49:29,27.01,86.54,10.0,4.9
16/11/1979,19:17:27,27.4,88.15,10.0,4.9
30/07/1980,01:00:41,29.53,80.73,17.0,4.9
14/03/1984,01:32:14,29.11,81.2,35.0,4.9
22/04/1984,20:22:37,30.56,84.25,26.0,4.9
08/12/1985,13:34:58,30.88,86.46,13.1,4.9
15/05/1988,20:23:06,29.7,80.44,23.0,4.9
12/06/1988,10:15:48,28.55,82.38,24.9,4.9
14/10/1990,09:52:43,30.75,86.28,26.0,4.9
09/11/1990,19:09:25,30.84,86.13,14.8,4.9
02/01/1993,14:53:39,29.16,81.08,12.6,4.9
12/03/1996,21:20:17,30.03,88.17,13.7,4.9
08/12/1997,02:03:56,27.49,87.25,24.9,4.9
22/02/1998,02:40:42,28.58,85.56,45.2,4.9
27/06/1998,09:05:59,27.71,85.66,19.6,4.9
03/01/2004,13:14:28,27.77,85.95,19.0,4.9
11/07/2004,23:57:54,30.54,83.62,18.0,4.9
08/02/2005,03:35:05,27.7,86.07,18.5,4.9
07/04/2005,21:41:36,30.46,83.72,13.3,4.9
08/04/2005,19:51:35,30.31,83.7,16.5,4.9
31/10/2005,05:51:13,29.53,81.73,28.1,4.9
03/02/2006,01:57:47,27.22,86.37,19.3,4.9
05/05/2006,08:00:28,29.45,80.86,17.0,4.9
25/08/2008,13:29:24,30.72,83.32,18.0,4.9
26/08/2008,23:54:24,30.68,83.26,17.0,4.9
10/09/2008,01:14:32,30.87,83.53,11.0,4.9
17/10/2010,20:11:20,28.6,85.67,52.7,4.9
27/03/2012,23:40:12,26,87.7,30.5,4.9
23/08/2012,16:30:21,28.41,82.67,23.9,4.9
18/12/2014,15:32:10,27.63,86.42,15.1,4.9
25/04/2015,06:22:14,27.86,85.05,12.0,4.9
25/04/2015,06:38:43,27.51,85.7,10.0,4.9
25/04/2015,06:53:42,27.68,85.25,9.6,4.9
25/04/2015,08:16:59,27.7,85.75,10.8,4.9
25/04/2015,08:20:49,27.69,85.12,15.2,4.9
25/04/2015,08:29:24,27.91,84.69,15.2,4.9
25/04/2015,09:30:29,27.93,85.52,10.2,4.9
12/05/2015,07:48:51,27.7,86.24,12.0,4.9
13/05/2015,21:38:05,27.57,85.98,13.2,4.9
08/12/2017,02:51:18,27.61,86.15,13.7,4.9
31/10/2018,23:09:01,30.26,87.5,10.0,4.9
05/11/2021,01:48:31,28.77,87.42,7.4,4.9
21/07/1970,15:37:43,27.96,84.75,12.0,5.0
04/12/1971,08:38:03,27.76,87.76,35.0,5.0
22/03/1973,01:06:58,28.2,87.12,28.6,5.0
24/03/1974,16:17:38,27.45,85.89,19.0,5.0
24/04/1975,01:35:54,27.48,87,35.0,5.0
29/09/1976,02:51:25,29.42,81.44,27.0,5.0
04/11/1977,23:54:46,29.5,81.15,17.0,5.0
10/10/1980,14:02:25,29.17,81,10.0,5.0
18/11/1980,13:46:23,29.56,85.29,35.0,5.0
20/11/1980,14:03:30,29.44,85.22,35.0,5.0
08/12/1985,13:36:32,30.89,86.4,6.5,5.0
08/12/1985,14:24:31,30.79,86.46,13.9,5.0
19/01/1987,08:12:07,28.3,83.58,31.0,5.0
20/12/1990,17:04:42,28.18,82.97,35.0,5.0
21/12/1991,19:52:44,27.84,87.97,40.9,5.0
20/03/1993,21:26:40,28.98,87.45,15.4,5.0
20/10/1993,07:23:40,28.74,82.23,35.0,5.0
17/07/1994,17:40:49,29.22,81.4,22.9,5.0
03/07/1996,10:10:34,30.08,88.19,23.6,5.0
04/07/1996,18:11:04,30.06,88.13,22.8,5.0
31/07/1996,08:02:54,30.06,88.19,37.0,5.0
30/12/1996,11:08:19,27.41,86.73,25.0,5.0
16/07/2001,16:12:44,28.04,84.81,8.9,5.0
31/08/2002,12:40:33,29.85,88.06,10.5,5.0
16/01/2003,11:36:51,29.85,88.09,17.3,5.0
07/04/2005,21:42:10,30.3,83.9,26.0,5.0
11/08/2007,14:35:52,27.34,87.68,17.8,5.0
10/09/2008,01:28:08,30.81,83.4,22.8,5.0
20/11/2009,07:16:58,30.67,83.42,14.6,5.0
28/06/2013,11:40:48,28.7,82.28,19.7,5.0
21/04/2015,14:02:17,28.85,82.35,22.7,5.0
25/04/2015,06:22:23,27.82,85.45,18.0,5.0
25/04/2015,06:25:55,27.69,85.57,15.6,5.0
25/04/2015,07:47:01,27.87,85.59,10.1,5.0
12/05/2015,07:23:32,27.37,86.24,19.0,5.0
19/11/2015,04:15:51,27.79,85.68,10.4,5.0
21/02/2016,18:10:00,27.95,84.71,13.8,5.0
22/05/2016,01:48:48,28.38,87.5,16.0,5.0
01/02/2017,10:07:44,30.63,83.29,10.7,5.0
01/08/2018,15:46:23,30.24,87.56,10.1,5.0
02/02/2021,02:31:14,28.74,87.4,11.5,5.0
04/02/2021,05:06:23,28.76,87.36,9.0,5.0
24/05/1964,00:00:50,30.04,82.13,21.0,5.1
18/12/1967,10:51:36,29.3,81.78,31.0,5.1
27/05/1968,18:35:57,29.61,80.51,19.0,5.1
04/02/1972,14:08:25,30.32,84.41,35.0,5.1
16/10/1973,09:50:44,28.37,82.88,25.4,5.1
31/01/1975,12:38:55,28.09,84.67,46.2,5.1
26/11/1975,15:02:36,28.06,87.67,71.0,5.1
06/03/1981,05:58:51,29.97,80.59,31.8,5.1
19/02/1984,15:46:27,29.87,80.56,19.8,5.1
22/05/1989,19:24:34,27.43,87.83,20.0,5.1
04/04/1992,17:43:21,28.12,87.92,31.4,5.1
31/03/1993,13:44:10,29.05,87.4,12.5,5.1
26/04/1996,16:30:58,27.82,87.75,17.6,5.1
27/11/1997,16:11:57,27.51,87.26,26.0,5.1
01/08/1999,08:24:52,28.45,86.76,82.6,5.1
27/11/2001,17:56:57,29.37,81.74,36.6,5.1
28/07/2004,22:22:15,30.57,83.56,27.1,5.1
31/10/2005,21:47:55,28.46,84.89,6.9,5.1
25/08/2008,14:16:03,30.84,83.58,9.5,5.1
22/06/2010,23:14:10,29.87,80.46,17.3,5.1
09/01/2013,07:44:16,29.72,81.69,15.5,5.1
03/08/2014,05:57:29,29.19,85.48,3.4,5.1
25/04/2015,06:22:03,27.78,85.14,12.1,5.1
25/04/2015,06:37:59,27.8,85.8,14.7,5.1
25/04/2015,06:58:28,27.7,85.97,13.3,5.1
25/04/2015,12:44:05,28.08,84.64,15.1,5.1
12/05/2015,08:06:07,27.66,86.08,20.3,5.1
12/05/2015,08:13:53,27.74,85.84,9.5,5.1
12/05/2015,21:25:11,27.76,84.71,2.5,5.1
23/08/2015,09:02:04,27.75,86.06,8.7,5.1
22/05/2016,02:05:55,28.44,87.42,12.7,5.1
01/12/2016,16:52:48,29.93,80.54,23.8,5.1
20/01/2019,14:28:29,30.33,87.6,7.6,5.1
27/04/2023,19:45:53,29.51,81.59,10.0,5.1
06/10/1964,20:19:34,29.32,80.91,17.0,5.2
02/12/1964,08:21:44,29.45,81.23,20.0,5.2
12/02/1970,01:51:48,29.13,81.6,19.6,5.2
26/02/1970,19:30:07,27.6,85.89,19.0,5.2
15/03/1972,06:00:32,30.57,84.38,12.5,5.2
06/09/1975,04:44:34,29.18,81.8,13.5,5.2
04/10/1978,13:53:51,27.79,85.92,15.1,5.2
22/06/1980,14:38:53,30.07,81.65,24.6,5.2
15/05/1981,17:22:43,29.42,81.92,22.7,5.2
02/06/1992,22:07:46,28.9,81.89,53.5,5.2
20/10/1993,16:15:59,28.77,82.23,25.3,5.2
31/01/1997,20:02:16,28.05,85.21,13.8,5.2
26/11/1998,10:14:27,27.74,87.85,60.8,5.2
25/08/2008,13:39:39,30.86,83.4,15.2,5.2
06/07/2010,19:08:23,29.79,80.42,19.4,5.2
29/12/2010,18:30:58,30.87,86.51,16.4,5.2
25/04/2015,08:55:56,27.57,85.55,12.9,5.2
27/04/2015,12:35:51,26.83,88.07,19.6,5.2
12/05/2015,08:21:09,27.68,86.1,9.8,5.2
05/02/2016,16:20:11,27.86,85.45,23.4,5.2
15/09/2020,23:34:03,27.77,85.86,11.8,5.2
31/07/2022,02:28:09,27.2,86.75,12.1,5.2
09/11/1964,16:12:53,29.52,85.92,35.0,5.3
12/01/1965,13:55:20,27.32,87.65,21.0,5.3
01/06/1965,07:52:27,28.46,83.03,35.0,5.3
27/06/1966,10:47:46,29.93,80.8,35.0,5.3
27/06/1966,11:21:44,29.57,80.84,28.6,5.3
21/12/1966,22:10:59,29.64,80.74,17.0,5.3
23/12/1974,09:45:41,29.3,81.26,27.0,5.3
10/05/1976,18:43:53,29.32,81.51,19.5,5.3
10/02/1978,17:29:51,28.08,84.65,12.9,5.3
19/06/1979,16:29:11,26.65,87.47,12.7,5.3
19/01/1987,07:46:24,28.21,83.65,29.4,5.3
28/04/2001,10:37:56,28.81,87.16,22.3,5.3
25/04/2015,06:17:59,27.7,85.9,10.0,5.3
25/04/2015,06:20:40,28.2,84.62,10.0,5.3
25/04/2015,17:42:51,28.25,85.86,9.9,5.3
12/05/2015,07:34:22,27.69,86.22,11.0,5.3
18/12/2015,22:16:56,29.27,81.63,16.1,5.3
19/11/2019,13:30:56,29.3,81.15,16.9,5.3
18/05/2021,23:57:58,28.29,84.35,12.0,5.3
12/11/2022,14:27:05,29.47,81.27,11.6,5.3
27/06/1966,13:55:51,29.69,80.81,23.2,5.4
03/05/1971,00:33:24,30.81,84.44,14.2,5.4
03/11/1997,02:29:49,29.03,85.38,10.0,5.4
27/11/2001,08:53:54,29.51,81.71,24.0,5.4
04/06/2002,14:36:04,30.49,81.42,16.2,5.4
08/12/2008,08:59:08,29.92,82.09,14.4,5.4
12/05/2015,07:17:20,27.72,86.2,12.6,5.4
27/11/2016,23:35:20,27.7,86.5,14.8,5.4
03/03/1974,04:53:15,30.63,86.52,12.3,5.5
18/05/1984,04:28:57,29.44,81.87,22.1,5.5
10/01/1986,03:46:32,28.77,86.63,59.6,5.5
20/04/1988,06:40:24,27,86.66,28.2,5.5
05/01/1997,08:47:25,29.81,80.61,24.2,5.5
25/09/2008,01:47:12,30.78,83.59,10.2,5.5
26/02/2010,04:42:37,28.46,86.76,74.7,5.5
25/04/2015,06:56:33,27.86,85.71,8.4,5.5
25/04/2015,23:16:15,27.77,84.94,13.7,5.5
27/06/1966,10:49:47,29.42,80.86,17.0,5.6
29/10/1988,09:10:53,27.81,85.61,15.4,5.6
09/01/1990,02:29:26,28.13,88.14,61.8,5.6
03/09/1998,18:15:54,27.82,86.96,8.6,5.6
27/11/2001,07:31:52,29.58,81.71,22.6,5.6
07/11/2009,20:08:48,29.53,86.05,18.4,5.6
04/04/2011,11:31:41,29.62,80.72,17.4,5.6
25/04/2015,06:18:12,27.69,85.96,19.0,5.6
25/04/2015,09:17:02,28.34,87.28,9.3,5.6
26/04/2015,16:26:06,27.79,85.82,16.8,5.6
16/05/2015,11:34:11,27.51,86.11,20.1,5.6
23/12/2018,19:32:21,30.34,87.57,8.6,5.6
24/01/2023,08:58:32,29.57,81.69,24.8,5.6
24/03/1974,14:16:03,27.78,86.06,24.0,5.7
27/09/1974,05:26:38,28.58,85.43,47.0,5.7
09/12/1991,01:02:45,29.5,81.6,13.7,5.7
20/03/2020,01:33:15,28.6,87.36,12.5,5.7
29/07/1980,12:23:09,29.29,81.21,8.5,5.8
09/08/1987,21:15:02,29.46,83.74,65.5,5.8
20/03/1993,14:52:01,28.97,87.47,15.1,5.8
11/07/2004,23:08:43,30.6,83.74,10.7,5.8
16/12/1966,20:52:16,29.54,80.84,15.8,5.9
08/11/2022,20:27:23,29.33,81.17,14.4,5.9
26/09/1964,00:46:01,29.85,80.45,29.9,6.0
27/06/1966,10:41:08,29.48,80.83,27.9,6.0
27/06/1966,10:59:18,29.7,80.92,23.8,6.0
07/04/2005,20:04:40,30.48,83.66,11.9,6.0
12/01/1965,13:32:25,27.38,87.82,22.8,6.1
29/07/1980,14:58:42,29.58,81.04,17.5,6.1
26/10/2004,02:11:32,30.96,81.1,4.6,6.1
25/08/2008,13:22:00,30.97,83.64,23.9,6.1
25/04/2015,06:15:23,27.63,85.47,10.0,6.1
12/05/2015,07:36:53,27.52,86.14,13.8,6.1
20/08/1988,23:09:10,26.71,86.62,58.1,6.5
18/09/2011,12:40:49,27.8,88.15,29.6,6.5
25/04/2015,06:45:21,28.16,84.84,14.7,6.5
26/04/2015,07:09:09,27.73,85.97,13.4,6.6
12/05/2015,07:05:18,27.8,86.12,12.3,6.7
25/04/2015,06:11:26,28.13,84.71,13.4,6.9
